2026-09-24 00:11:57,656 p=26 u=www-data n=ansible WARNING| [WARNING]: Failed to parse inventory with 'script' plugin: Inventory script returned non-zero exit code 1.

Failed to parse inventory with 'script' plugin.

<<< caused by >>>

Inventory script returned non-zero exit code 1.
Origin: <inventory plugin 'script' with source '/var/www/html/documentador-red/automation/scripts/dynamic_inventory.py'>

Standard error from inventory script:
Traceback (most recent call last):
  File "/var/www/html/documentador-red/automation/scripts/dynamic_inventory.py", line 6, in <module>
    import pymysql
ModuleNotFoundError: No module named 'pymysql'


2026-09-24 00:11:57,658 p=26 u=www-data n=ansible WARNING| [WARNING]: Failed to parse inventory with 'ini' plugin: Failed to parse inventory: Expected key=value host variable assignment, got: os

Failed to parse inventory with 'ini' plugin.

<<< caused by >>>

Failed to parse inventory: Expected key=value host variable assignment, got: os
Origin: /var/www/html/documentador-red/automation/scripts/dynamic_inventory.py


2026-09-24 00:11:57,658 p=26 u=www-data n=ansible WARNING| [WARNING]: Unable to parse /var/www/html/documentador-red/automation/scripts/dynamic_inventory.py as an inventory source

2026-09-24 00:11:57,659 p=26 u=www-data n=ansible WARNING| [WARNING]: No inventory was parsed, only implicit localhost is available

2026-09-24 00:11:57,682 p=26 u=www-data n=ansible WARNING| [WARNING]: provided hosts list is empty, only localhost is available. Note that the implicit localhost does not match 'all'

2026-09-24 00:11:58,316 p=26 u=www-data n=ansible INFO| PLAY [Auditoría Estructural de Red y Respaldos (Sin CSVs)] *********************
2026-09-24 00:11:58,316 p=26 u=www-data n=ansible INFO| skipping: no hosts matched
2026-09-24 00:11:58,316 p=26 u=www-data n=ansible INFO| PLAY RECAP *********************************************************************
2026-09-24 00:16:49,750 p=40 u=www-data n=ansible INFO| PLAY [Auditoría Estructural de Red y Respaldos (Sin CSVs)] *********************
2026-09-24 00:16:49,926 p=40 u=www-data n=ansible INFO| TASK [Obtener Interfaces Switches (Estado y VLANs)] ****************************
2026-09-24 00:16:50,094 p=40 u=www-data n=ansible INFO| skipping: [R1-TEST]
2026-09-24 00:16:58,043 p=40 u=www-data n=ansible INFO| network_os is set to cisco.ios.ios
2026-09-24 00:16:58,080 p=40 u=www-data n=ansible INFO| network_os is set to cisco.ios.ios
2026-09-24 00:16:58,109 p=40 u=www-data n=ansible INFO| network_os is set to cisco.ios.ios
2026-09-24 00:17:08,200 p=40 u=www-data n=ansible ERROR| [ERROR]: Task failed: Action failed: ['timed out']
Origin: /var/www/html/documentador-red/automation/ansible_project/playbooks/network_info.yml:11:7

 9     # 1. PARSEOS TEXTFSM (Obtención de Datos Estructurados)
10     # =========================================================
11     - name: Obtener Interfaces Switches (Estado y VLANs)
         ^ column 7


2026-09-24 00:17:08,207 p=40 u=www-data n=ansible INFO| fatal: [SW_CORE]: FAILED! => {"changed": false, "msg": ["timed out"]}
2026-09-24 00:17:08,207 p=40 u=www-data n=ansible INFO| ...ignoring
2026-09-24 00:17:08,209 p=40 u=www-data n=ansible INFO| fatal: [SW_2]: FAILED! => {"changed": false, "msg": ["timed out"]}
2026-09-24 00:17:08,209 p=40 u=www-data n=ansible INFO| ...ignoring
2026-09-24 00:17:08,211 p=40 u=www-data n=ansible INFO| fatal: [SW_1]: FAILED! => {"changed": false, "msg": ["timed out"]}
2026-09-24 00:17:08,211 p=40 u=www-data n=ansible INFO| ...ignoring
2026-09-24 00:17:08,216 p=40 u=www-data n=ansible INFO| TASK [Obtener Rutas L3] ********************************************************
2026-09-24 00:17:13,947 p=40 u=www-data n=ansible INFO| network_os is set to cisco.ios.ios
2026-09-24 00:17:16,422 p=40 u=www-data n=ansible ERROR| [ERROR]: Task failed: Action failed: ['[Errno None] Unable to connect to port 22 on 192.168.99.2']
Origin: /var/www/html/documentador-red/automation/ansible_project/playbooks/network_info.yml:20:7

18       ignore_errors: yes
19
20     - name: Obtener Rutas L3
         ^ column 7


2026-09-24 00:17:16,425 p=40 u=www-data n=ansible INFO| fatal: [SW_CORE]: FAILED! => {"changed": false, "msg": ["[Errno None] Unable to connect to port 22 on 192.168.99.2"]}
2026-09-24 00:17:16,425 p=40 u=www-data n=ansible INFO| ...ignoring
2026-09-24 00:17:16,430 p=40 u=www-data n=ansible ERROR| [ERROR]: Task failed: Action failed: ['[Errno None] Unable to connect to port 22 on 192.168.99.4']
Origin: /var/www/html/documentador-red/automation/ansible_project/playbooks/network_info.yml:20:7

18       ignore_errors: yes
19
20     - name: Obtener Rutas L3
         ^ column 7


2026-09-24 00:17:16,435 p=40 u=www-data n=ansible INFO| fatal: [SW_2]: FAILED! => {"changed": false, "msg": ["[Errno None] Unable to connect to port 22 on 192.168.99.4"]}
2026-09-24 00:17:16,435 p=40 u=www-data n=ansible INFO| ...ignoring
2026-09-24 00:17:16,436 p=40 u=www-data n=ansible ERROR| [ERROR]: Task failed: Action failed: ['[Errno None] Unable to connect to port 22 on 192.168.99.3']
Origin: /var/www/html/documentador-red/automation/ansible_project/playbooks/network_info.yml:20:7

18       ignore_errors: yes
19
20     - name: Obtener Rutas L3
         ^ column 7


2026-09-24 00:17:16,437 p=40 u=www-data n=ansible INFO| fatal: [SW_1]: FAILED! => {"changed": false, "msg": ["[Errno None] Unable to connect to port 22 on 192.168.99.3"]}
2026-09-24 00:17:16,437 p=40 u=www-data n=ansible INFO| ...ignoring
2026-09-24 00:17:16,438 p=40 u=www-data n=ansible ERROR| [ERROR]: Task failed: Action failed: ['[Errno None] Unable to connect to port 22 on 192.168.99.1']
Origin: /var/www/html/documentador-red/automation/ansible_project/playbooks/network_info.yml:20:7

18       ignore_errors: yes
19
20     - name: Obtener Rutas L3
         ^ column 7


2026-09-24 00:17:16,439 p=40 u=www-data n=ansible INFO| fatal: [R1-TEST]: FAILED! => {"changed": false, "msg": ["[Errno None] Unable to connect to port 22 on 192.168.99.1"]}
2026-09-24 00:17:16,439 p=40 u=www-data n=ansible INFO| ...ignoring
2026-09-24 00:17:16,547 p=40 u=www-data n=ansible INFO| TASK [Obtener Datos de Seguridad] **********************************************
2026-09-24 00:17:24,663 p=40 u=www-data n=ansible ERROR| [ERROR]: Task failed: Action failed: [Errno None] Unable to connect to port 22 on 192.168.99.1
Origin: /var/www/html/documentador-red/automation/ansible_project/playbooks/network_info.yml:31:7

29     # 2. AUDITORÍA DE SEGURIDAD (Comandos Raw)
30     # =========================================================
31     - name: Obtener Datos de Seguridad
         ^ column 7


2026-09-24 00:17:24,666 p=40 u=www-data n=ansible INFO| fatal: [R1-TEST]: FAILED! => {"changed": false, "msg": "[Errno None] Unable to connect to port 22 on 192.168.99.1"}
2026-09-24 00:17:24,667 p=40 u=www-data n=ansible INFO| ...ignoring
2026-09-24 00:17:24,670 p=40 u=www-data n=ansible ERROR| [ERROR]: Task failed: Action failed: [Errno None] Unable to connect to port 22 on 192.168.99.2
Origin: /var/www/html/documentador-red/automation/ansible_project/playbooks/network_info.yml:31:7

29     # 2. AUDITORÍA DE SEGURIDAD (Comandos Raw)
30     # =========================================================
31     - name: Obtener Datos de Seguridad
         ^ column 7


2026-09-24 00:17:24,671 p=40 u=www-data n=ansible INFO| fatal: [SW_CORE]: FAILED! => {"changed": false, "msg": "[Errno None] Unable to connect to port 22 on 192.168.99.2"}
2026-09-24 00:17:24,671 p=40 u=www-data n=ansible INFO| ...ignoring
2026-09-24 00:17:24,686 p=40 u=www-data n=ansible ERROR| [ERROR]: Task failed: Action failed: [Errno None] Unable to connect to port 22 on 192.168.99.3
Origin: /var/www/html/documentador-red/automation/ansible_project/playbooks/network_info.yml:31:7

29     # 2. AUDITORÍA DE SEGURIDAD (Comandos Raw)
30     # =========================================================
31     - name: Obtener Datos de Seguridad
         ^ column 7


2026-09-24 00:17:24,691 p=40 u=www-data n=ansible INFO| fatal: [SW_1]: FAILED! => {"changed": false, "msg": "[Errno None] Unable to connect to port 22 on 192.168.99.3"}
2026-09-24 00:17:24,691 p=40 u=www-data n=ansible INFO| ...ignoring
2026-09-24 00:17:24,693 p=40 u=www-data n=ansible ERROR| [ERROR]: Task failed: Action failed: [Errno None] Unable to connect to port 22 on 192.168.99.4
Origin: /var/www/html/documentador-red/automation/ansible_project/playbooks/network_info.yml:31:7

29     # 2. AUDITORÍA DE SEGURIDAD (Comandos Raw)
30     # =========================================================
31     - name: Obtener Datos de Seguridad
         ^ column 7


2026-09-24 00:17:24,693 p=40 u=www-data n=ansible INFO| fatal: [SW_2]: FAILED! => {"changed": false, "msg": "[Errno None] Unable to connect to port 22 on 192.168.99.4"}
2026-09-24 00:17:24,693 p=40 u=www-data n=ansible INFO| ...ignoring
2026-09-24 00:17:24,722 p=40 u=www-data n=ansible INFO| TASK [Estructurar Variables de Seguridad] **************************************
2026-09-24 00:17:24,834 p=40 u=www-data n=ansible INFO| skipping: [SW_CORE]
2026-09-24 00:17:24,849 p=40 u=www-data n=ansible INFO| skipping: [SW_1]
2026-09-24 00:17:24,869 p=40 u=www-data n=ansible INFO| skipping: [SW_2]
2026-09-24 00:17:24,888 p=40 u=www-data n=ansible INFO| skipping: [R1-TEST]
2026-09-24 00:17:24,903 p=40 u=www-data n=ansible INFO| TASK [Inyectar Puertos a MySQL] ************************************************
2026-09-24 00:17:25,009 p=40 u=www-data n=ansible INFO| skipping: [SW_CORE]
2026-09-24 00:17:25,031 p=40 u=www-data n=ansible INFO| skipping: [SW_2]
2026-09-24 00:17:25,044 p=40 u=www-data n=ansible INFO| skipping: [SW_1]
2026-09-24 00:17:25,058 p=40 u=www-data n=ansible INFO| skipping: [R1-TEST]
2026-09-24 00:17:25,064 p=40 u=www-data n=ansible INFO| TASK [Inyectar Tabla de Enrutamiento a MySQL] **********************************
2026-09-24 00:17:25,173 p=40 u=www-data n=ansible INFO| skipping: [SW_CORE]
2026-09-24 00:17:25,199 p=40 u=www-data n=ansible INFO| skipping: [SW_1]
2026-09-24 00:17:25,203 p=40 u=www-data n=ansible INFO| skipping: [SW_2]
2026-09-24 00:17:25,239 p=40 u=www-data n=ansible INFO| skipping: [R1-TEST]
2026-09-24 00:17:25,245 p=40 u=www-data n=ansible INFO| TASK [Inyectar Auditoría de Seguridad a MySQL] *********************************
2026-09-24 00:17:25,341 p=40 u=www-data n=ansible INFO| skipping: [SW_CORE]
2026-09-24 00:17:25,365 p=40 u=www-data n=ansible INFO| skipping: [SW_1]
2026-09-24 00:17:25,382 p=40 u=www-data n=ansible INFO| skipping: [SW_2]
2026-09-24 00:17:25,404 p=40 u=www-data n=ansible INFO| skipping: [R1-TEST]
2026-09-24 00:17:25,409 p=40 u=www-data n=ansible INFO| TASK [Crear directorio backup host] ********************************************
2026-09-24 00:17:28,051 p=40 u=www-data n=ansible INFO| changed: [SW_CORE -> localhost]
2026-09-24 00:17:28,054 p=40 u=www-data n=ansible INFO| changed: [R1-TEST -> localhost]
2026-09-24 00:17:28,060 p=40 u=www-data n=ansible INFO| changed: [SW_1 -> localhost]
2026-09-24 00:17:28,087 p=40 u=www-data n=ansible INFO| changed: [SW_2 -> localhost]
2026-09-24 00:17:28,092 p=40 u=www-data n=ansible INFO| TASK [Obtener Running Config] **************************************************
2026-09-24 00:17:36,276 p=40 u=www-data n=ansible ERROR| [ERROR]: Task failed: Action failed: [Errno None] Unable to connect to port 22 on 192.168.99.1
Origin: /var/www/html/documentador-red/automation/ansible_project/playbooks/network_info.yml:89:7

87         ansible_become: false
88
89     - name: Obtener Running Config
         ^ column 7


2026-09-24 00:17:36,279 p=40 u=www-data n=ansible INFO| fatal: [R1-TEST]: FAILED! => {"changed": false, "msg": "[Errno None] Unable to connect to port 22 on 192.168.99.1"}
2026-09-24 00:17:36,279 p=40 u=www-data n=ansible INFO| ...ignoring
2026-09-24 00:17:36,280 p=40 u=www-data n=ansible ERROR| [ERROR]: Task failed: Action failed: [Errno None] Unable to connect to port 22 on 192.168.99.3
Origin: /var/www/html/documentador-red/automation/ansible_project/playbooks/network_info.yml:89:7

87         ansible_become: false
88
89     - name: Obtener Running Config
         ^ column 7


2026-09-24 00:17:36,281 p=40 u=www-data n=ansible INFO| fatal: [SW_1]: FAILED! => {"changed": false, "msg": "[Errno None] Unable to connect to port 22 on 192.168.99.3"}
2026-09-24 00:17:36,281 p=40 u=www-data n=ansible INFO| ...ignoring
2026-09-24 00:17:36,282 p=40 u=www-data n=ansible ERROR| [ERROR]: Task failed: Action failed: [Errno None] Unable to connect to port 22 on 192.168.99.4
Origin: /var/www/html/documentador-red/automation/ansible_project/playbooks/network_info.yml:89:7

87         ansible_become: false
88
89     - name: Obtener Running Config
         ^ column 7


2026-09-24 00:17:36,282 p=40 u=www-data n=ansible INFO| fatal: [SW_2]: FAILED! => {"changed": false, "msg": "[Errno None] Unable to connect to port 22 on 192.168.99.4"}
2026-09-24 00:17:36,283 p=40 u=www-data n=ansible INFO| ...ignoring
2026-09-24 00:17:36,283 p=40 u=www-data n=ansible ERROR| [ERROR]: Task failed: Action failed: [Errno None] Unable to connect to port 22 on 192.168.99.2
Origin: /var/www/html/documentador-red/automation/ansible_project/playbooks/network_info.yml:89:7

87         ansible_become: false
88
89     - name: Obtener Running Config
         ^ column 7


2026-09-24 00:17:36,284 p=40 u=www-data n=ansible INFO| fatal: [SW_CORE]: FAILED! => {"changed": false, "msg": "[Errno None] Unable to connect to port 22 on 192.168.99.2"}
2026-09-24 00:17:36,284 p=40 u=www-data n=ansible INFO| ...ignoring
2026-09-24 00:17:36,325 p=40 u=www-data n=ansible INFO| TASK [Guardar Archivo de Backup] ***********************************************
2026-09-24 00:17:36,420 p=40 u=www-data n=ansible INFO| skipping: [SW_CORE]
2026-09-24 00:17:36,447 p=40 u=www-data n=ansible INFO| skipping: [SW_1]
2026-09-24 00:17:36,467 p=40 u=www-data n=ansible INFO| skipping: [SW_2]
2026-09-24 00:17:36,486 p=40 u=www-data n=ansible INFO| skipping: [R1-TEST]
2026-09-24 00:17:36,497 p=40 u=www-data n=ansible INFO| PLAY RECAP *********************************************************************
2026-09-24 00:17:36,498 p=40 u=www-data n=ansible INFO| R1-TEST                    : ok=4    changed=1    unreachable=0    failed=0    skipped=6    rescued=0    ignored=3   
2026-09-24 00:17:36,498 p=40 u=www-data n=ansible INFO| SW_1                       : ok=5    changed=1    unreachable=0    failed=0    skipped=5    rescued=0    ignored=4   
2026-09-24 00:17:36,498 p=40 u=www-data n=ansible INFO| SW_2                       : ok=5    changed=1    unreachable=0    failed=0    skipped=5    rescued=0    ignored=4   
2026-09-24 00:17:36,498 p=40 u=www-data n=ansible INFO| SW_CORE                    : ok=5    changed=1    unreachable=0    failed=0    skipped=5    rescued=0    ignored=4   
2026-09-24 00:17:36,593 p=79 u=www-data n=ansible INFO| shutdown complete
2026-09-24 00:17:36,594 p=64 u=www-data n=ansible INFO| shutdown complete
2026-09-24 00:17:36,598 p=63 u=www-data n=ansible INFO| shutdown complete
2026-09-24 00:17:36,599 p=58 u=www-data n=ansible INFO| shutdown complete
2026-09-24 00:22:38,431 p=206 u=www-data n=ansible INFO| PLAY [Auditoría Estructural de Red y Respaldos (Sin CSVs)] *********************
2026-09-24 00:22:38,572 p=206 u=www-data n=ansible INFO| TASK [Obtener Interfaces Switches (Estado y VLANs)] ****************************
2026-09-24 00:22:38,776 p=206 u=www-data n=ansible INFO| skipping: [R1-TEST]
2026-09-24 00:22:43,091 p=206 u=www-data n=ansible INFO| network_os is set to cisco.ios.ios
2026-09-24 00:22:43,094 p=206 u=www-data n=ansible INFO| network_os is set to cisco.ios.ios
2026-09-24 00:22:43,141 p=227 u=www-data n=p=227 u=www-data | paramiko [192.168.99.3] INFO| Connected (version 2.0, client Cisco-1.25)
2026-09-24 00:22:43,145 p=224 u=www-data n=p=224 u=www-data | paramiko [192.168.99.2] INFO| Connected (version 2.0, client Cisco-1.25)
2026-09-24 00:22:43,226 p=206 u=www-data n=ansible INFO| network_os is set to cisco.ios.ios
2026-09-24 00:22:43,270 p=230 u=www-data n=p=230 u=www-data | paramiko [192.168.99.4] INFO| Connected (version 1.99, client Cisco-1.25)
2026-09-24 00:22:43,687 p=227 u=www-data n=p=227 u=www-data | paramiko [192.168.99.3] INFO| Authentication (password) successful!
2026-09-24 00:22:43,714 p=224 u=www-data n=p=224 u=www-data | paramiko [192.168.99.2] INFO| Authentication (password) successful!
2026-09-24 00:22:43,757 p=230 u=www-data n=p=230 u=www-data | paramiko [192.168.99.4] INFO| Authentication (password) successful!
2026-09-24 00:22:45,845 p=206 u=www-data n=ansible INFO| ok: [SW_1]
2026-09-24 00:22:45,874 p=206 u=www-data n=ansible INFO| ok: [SW_CORE]
2026-09-24 00:22:45,900 p=206 u=www-data n=ansible INFO| ok: [SW_2]
2026-09-24 00:22:45,905 p=206 u=www-data n=ansible INFO| TASK [Obtener Rutas L3] ********************************************************
2026-09-24 00:22:51,704 p=206 u=www-data n=ansible INFO| network_os is set to cisco.ios.ios
2026-09-24 00:22:51,758 p=251 u=www-data n=p=251 u=www-data | paramiko [192.168.99.1] INFO| Connected (version 2.0, client Cisco-1.25)
2026-09-24 00:22:52,313 p=251 u=www-data n=p=251 u=www-data | paramiko [192.168.99.1] INFO| Authentication (password) successful!
2026-09-24 00:22:52,422 p=206 u=www-data n=ansible INFO| ok: [SW_CORE]
2026-09-24 00:22:52,538 p=206 u=www-data n=ansible INFO| ok: [SW_2]
2026-09-24 00:22:52,562 p=206 u=www-data n=ansible INFO| ok: [SW_1]
2026-09-24 00:22:53,968 p=206 u=www-data n=ansible INFO| ok: [R1-TEST]
2026-09-24 00:22:53,990 p=206 u=www-data n=ansible INFO| TASK [Obtener Datos de Seguridad] **********************************************
2026-09-24 00:22:59,988 p=206 u=www-data n=ansible INFO| ok: [R1-TEST]
2026-09-24 00:23:00,024 p=206 u=www-data n=ansible INFO| ok: [SW_CORE]
2026-09-24 00:23:00,151 p=206 u=www-data n=ansible INFO| ok: [SW_2]
2026-09-24 00:23:00,201 p=206 u=www-data n=ansible INFO| ok: [SW_1]
2026-09-24 00:23:00,208 p=206 u=www-data n=ansible INFO| TASK [Estructurar Variables de Seguridad] **************************************
2026-09-24 00:23:01,301 p=206 u=www-data n=ansible INFO| ok: [SW_2]
2026-09-24 00:23:01,307 p=206 u=www-data n=ansible INFO| ok: [SW_1]
2026-09-24 00:23:01,354 p=206 u=www-data n=ansible INFO| ok: [SW_CORE]
2026-09-24 00:23:01,395 p=206 u=www-data n=ansible INFO| ok: [R1-TEST]
2026-09-24 00:23:01,402 p=206 u=www-data n=ansible INFO| TASK [Inyectar Puertos a MySQL] ************************************************
2026-09-24 00:23:01,597 p=206 u=www-data n=ansible INFO| skipping: [R1-TEST]
2026-09-24 00:23:03,429 p=206 u=www-data n=ansible ERROR| [ERROR]: Task failed: Module failed: The command exited with a non-zero return code.
Origin: /var/www/html/documentador-red/automation/ansible_project/playbooks/network_info.yml:52:7

50     # 3. INYECCIÓN A MYSQL (Ejecutando el Script Python)
51     # =========================================================
52     - name: Inyectar Puertos a MySQL
         ^ column 7


2026-09-24 00:23:03,437 p=206 u=www-data n=ansible INFO| fatal: [SW_CORE -> localhost]: FAILED! => {"changed": true, "cmd": ["python3", "/var/www/html/documentador-red/scripts/db_sync.py", "SW_CORE", "puertos", "[{\"port\": \"Et0/0\", \"name\": \"TO_R1_TEST\", \"status\": \"connected\", \"vlan_id\": \"trunk\", \"duplex\": \"auto\", \"speed\": \"auto\", \"type\": \"unknown\", \"fc_mode\": \"\"}, {\"port\": \"Et0/1\", \"name\": \"TO_SW_1\", \"status\": \"connected\", \"vlan_id\": \"trunk\", \"duplex\": \"auto\", \"speed\": \"auto\", \"type\": \"unknown\", \"fc_mode\": \"\"}, {\"port\": \"Et0/2\", \"name\": \"TO_SW_2\", \"status\": \"connected\", \"vlan_id\": \"trunk\", \"duplex\": \"auto\", \"speed\": \"auto\", \"type\": \"unknown\", \"fc_mode\": \"\"}, {\"port\": \"Et0/3\", \"name\": \"\", \"status\": \"connected\", \"vlan_id\": \"1\", \"duplex\": \"auto\", \"speed\": \"auto\", \"type\": \"unknown\", \"fc_mode\": \"\"}, {\"port\": \"Et1/0\", \"name\": \"\", \"status\": \"connected\", \"vlan_id\": \"1\", \"duplex\": \"auto\", \"speed\": \"auto\", \"type\": \"unknown\", \"fc_mode\": \"\"}, {\"port\": \"Et1/1\", \"name\": \"\", \"status\": \"connected\", \"vlan_id\": \"1\", \"duplex\": \"auto\", \"speed\": \"auto\", \"type\": \"unknown\", \"fc_mode\": \"\"}, {\"port\": \"Et1/2\", \"name\": \"\", \"status\": \"connected\", \"vlan_id\": \"1\", \"duplex\": \"auto\", \"speed\": \"auto\", \"type\": \"unknown\", \"fc_mode\": \"\"}, {\"port\": \"Et1/3\", \"name\": \"\", \"status\": \"connected\", \"vlan_id\": \"1\", \"duplex\": \"auto\", \"speed\": \"auto\", \"type\": \"unknown\", \"fc_mode\": \"\"}, {\"port\": \"Et2/0\", \"name\": \"\", \"status\": \"connected\", \"vlan_id\": \"1\", \"duplex\": \"auto\", \"speed\": \"auto\", \"type\": \"unknown\", \"fc_mode\": \"\"}, {\"port\": \"Et2/1\", \"name\": \"\", \"status\": \"connected\", \"vlan_id\": \"1\", \"duplex\": \"auto\", \"speed\": \"auto\", \"type\": \"unknown\", \"fc_mode\": \"\"}, {\"port\": \"Et2/2\", \"name\": \"\", \"status\": \"connected\", \"vlan_id\": \"1\", \"duplex\": \"auto\", \"speed\": \"auto\", \"type\": \"unknown\", \"fc_mode\": \"\"}, {\"port\": \"Et2/3\", \"name\": \"\", \"status\": \"connected\", \"vlan_id\": \"1\", \"duplex\": \"auto\", \"speed\": \"auto\", \"type\": \"unknown\", \"fc_mode\": \"\"}, {\"port\": \"Et3/0\", \"name\": \"\", \"status\": \"connected\", \"vlan_id\": \"1\", \"duplex\": \"auto\", \"speed\": \"auto\", \"type\": \"unknown\", \"fc_mode\": \"\"}, {\"port\": \"Et3/1\", \"name\": \"\", \"status\": \"connected\", \"vlan_id\": \"1\", \"duplex\": \"auto\", \"speed\": \"auto\", \"type\": \"unknown\", \"fc_mode\": \"\"}, {\"port\": \"Et3/2\", \"name\": \"\", \"status\": \"connected\", \"vlan_id\": \"1\", \"duplex\": \"auto\", \"speed\": \"auto\", \"type\": \"unknown\", \"fc_mode\": \"\"}, {\"port\": \"Et3/3\", \"name\": \"\", \"status\": \"connected\", \"vlan_id\": \"1\", \"duplex\": \"auto\", \"speed\": \"auto\", \"type\": \"unknown\", \"fc_mode\": \"\"}]"], "delta": "0:00:00.090630", "end": "2026-09-24 00:23:03.214610", "msg": "The command exited with a non-zero return code.", "rc": 2, "start": "2026-09-24 00:23:03.123980", "stderr": "python3: can't open file '/var/www/html/documentador-red/scripts/db_sync.py': [Errno 2] No such file or directory", "stderr_lines": ["python3: can't open file '/var/www/html/documentador-red/scripts/db_sync.py': [Errno 2] No such file or directory"], "stdout": "", "stdout_lines": []}
2026-09-24 00:23:03,512 p=206 u=www-data n=ansible INFO| fatal: [SW_2 -> localhost]: FAILED! => {"changed": true, "cmd": ["python3", "/var/www/html/documentador-red/scripts/db_sync.py", "SW_2", "puertos", "[{\"port\": \"Et0/0\", \"name\": \"TO_SW_CORE\", \"status\": \"connected\", \"vlan_id\": \"trunk\", \"duplex\": \"auto\", \"speed\": \"auto\", \"type\": \"unknown\", \"fc_mode\": \"\"}, {\"port\": \"Et0/1\", \"name\": \"\", \"status\": \"connected\", \"vlan_id\": \"1\", \"duplex\": \"auto\", \"speed\": \"auto\", \"type\": \"unknown\", \"fc_mode\": \"\"}, {\"port\": \"Et0/2\", \"name\": \"\", \"status\": \"connected\", \"vlan_id\": \"1\", \"duplex\": \"auto\", \"speed\": \"auto\", \"type\": \"unknown\", \"fc_mode\": \"\"}, {\"port\": \"Et0/3\", \"name\": \"\", \"status\": \"connected\", \"vlan_id\": \"1\", \"duplex\": \"auto\", \"speed\": \"auto\", \"type\": \"unknown\", \"fc_mode\": \"\"}, {\"port\": \"Et1/0\", \"name\": \"\", \"status\": \"connected\", \"vlan_id\": \"1\", \"duplex\": \"auto\", \"speed\": \"auto\", \"type\": \"unknown\", \"fc_mode\": \"\"}, {\"port\": \"Et1/1\", \"name\": \"\", \"status\": \"connected\", \"vlan_id\": \"1\", \"duplex\": \"auto\", \"speed\": \"auto\", \"type\": \"unknown\", \"fc_mode\": \"\"}, {\"port\": \"Et1/2\", \"name\": \"\", \"status\": \"connected\", \"vlan_id\": \"1\", \"duplex\": \"auto\", \"speed\": \"auto\", \"type\": \"unknown\", \"fc_mode\": \"\"}, {\"port\": \"Et1/3\", \"name\": \"\", \"status\": \"connected\", \"vlan_id\": \"1\", \"duplex\": \"auto\", \"speed\": \"auto\", \"type\": \"unknown\", \"fc_mode\": \"\"}, {\"port\": \"Et2/0\", \"name\": \"\", \"status\": \"connected\", \"vlan_id\": \"1\", \"duplex\": \"auto\", \"speed\": \"auto\", \"type\": \"unknown\", \"fc_mode\": \"\"}, {\"port\": \"Et2/1\", \"name\": \"\", \"status\": \"connected\", \"vlan_id\": \"1\", \"duplex\": \"auto\", \"speed\": \"auto\", \"type\": \"unknown\", \"fc_mode\": \"\"}, {\"port\": \"Et2/2\", \"name\": \"\", \"status\": \"connected\", \"vlan_id\": \"1\", \"duplex\": \"auto\", \"speed\": \"auto\", \"type\": \"unknown\", \"fc_mode\": \"\"}, {\"port\": \"Et2/3\", \"name\": \"\", \"status\": \"connected\", \"vlan_id\": \"1\", \"duplex\": \"auto\", \"speed\": \"auto\", \"type\": \"unknown\", \"fc_mode\": \"\"}, {\"port\": \"Et3/0\", \"name\": \"\", \"status\": \"connected\", \"vlan_id\": \"1\", \"duplex\": \"auto\", \"speed\": \"auto\", \"type\": \"unknown\", \"fc_mode\": \"\"}, {\"port\": \"Et3/1\", \"name\": \"\", \"status\": \"connected\", \"vlan_id\": \"1\", \"duplex\": \"auto\", \"speed\": \"auto\", \"type\": \"unknown\", \"fc_mode\": \"\"}, {\"port\": \"Et3/2\", \"name\": \"\", \"status\": \"connected\", \"vlan_id\": \"1\", \"duplex\": \"auto\", \"speed\": \"auto\", \"type\": \"unknown\", \"fc_mode\": \"\"}, {\"port\": \"Et3/3\", \"name\": \"\", \"status\": \"connected\", \"vlan_id\": \"1\", \"duplex\": \"auto\", \"speed\": \"auto\", \"type\": \"unknown\", \"fc_mode\": \"\"}]"], "delta": "0:00:00.084987", "end": "2026-09-24 00:23:03.403462", "msg": "The command exited with a non-zero return code.", "rc": 2, "start": "2026-09-24 00:23:03.318475", "stderr": "python3: can't open file '/var/www/html/documentador-red/scripts/db_sync.py': [Errno 2] No such file or directory", "stderr_lines": ["python3: can't open file '/var/www/html/documentador-red/scripts/db_sync.py': [Errno 2] No such file or directory"], "stdout": "", "stdout_lines": []}
2026-09-24 00:23:03,718 p=206 u=www-data n=ansible INFO| fatal: [SW_1 -> localhost]: FAILED! => {"changed": true, "cmd": ["python3", "/var/www/html/documentador-red/scripts/db_sync.py", "SW_1", "puertos", "[{\"port\": \"Et0/0\", \"name\": \"TO_SW_CORE\", \"status\": \"connected\", \"vlan_id\": \"trunk\", \"duplex\": \"auto\", \"speed\": \"auto\", \"type\": \"unknown\", \"fc_mode\": \"\"}, {\"port\": \"Et0/1\", \"name\": \"\", \"status\": \"connected\", \"vlan_id\": \"1\", \"duplex\": \"auto\", \"speed\": \"auto\", \"type\": \"unknown\", \"fc_mode\": \"\"}, {\"port\": \"Et0/2\", \"name\": \"\", \"status\": \"connected\", \"vlan_id\": \"1\", \"duplex\": \"auto\", \"speed\": \"auto\", \"type\": \"unknown\", \"fc_mode\": \"\"}, {\"port\": \"Et0/3\", \"name\": \"\", \"status\": \"connected\", \"vlan_id\": \"1\", \"duplex\": \"auto\", \"speed\": \"auto\", \"type\": \"unknown\", \"fc_mode\": \"\"}, {\"port\": \"Et1/0\", \"name\": \"\", \"status\": \"connected\", \"vlan_id\": \"1\", \"duplex\": \"auto\", \"speed\": \"auto\", \"type\": \"unknown\", \"fc_mode\": \"\"}, {\"port\": \"Et1/1\", \"name\": \"\", \"status\": \"connected\", \"vlan_id\": \"1\", \"duplex\": \"auto\", \"speed\": \"auto\", \"type\": \"unknown\", \"fc_mode\": \"\"}, {\"port\": \"Et1/2\", \"name\": \"\", \"status\": \"connected\", \"vlan_id\": \"1\", \"duplex\": \"auto\", \"speed\": \"auto\", \"type\": \"unknown\", \"fc_mode\": \"\"}, {\"port\": \"Et1/3\", \"name\": \"\", \"status\": \"connected\", \"vlan_id\": \"1\", \"duplex\": \"auto\", \"speed\": \"auto\", \"type\": \"unknown\", \"fc_mode\": \"\"}, {\"port\": \"Et2/0\", \"name\": \"\", \"status\": \"connected\", \"vlan_id\": \"1\", \"duplex\": \"auto\", \"speed\": \"auto\", \"type\": \"unknown\", \"fc_mode\": \"\"}, {\"port\": \"Et2/1\", \"name\": \"\", \"status\": \"connected\", \"vlan_id\": \"1\", \"duplex\": \"auto\", \"speed\": \"auto\", \"type\": \"unknown\", \"fc_mode\": \"\"}, {\"port\": \"Et2/2\", \"name\": \"\", \"status\": \"connected\", \"vlan_id\": \"1\", \"duplex\": \"auto\", \"speed\": \"auto\", \"type\": \"unknown\", \"fc_mode\": \"\"}, {\"port\": \"Et2/3\", \"name\": \"\", \"status\": \"connected\", \"vlan_id\": \"1\", \"duplex\": \"auto\", \"speed\": \"auto\", \"type\": \"unknown\", \"fc_mode\": \"\"}, {\"port\": \"Et3/0\", \"name\": \"\", \"status\": \"connected\", \"vlan_id\": \"1\", \"duplex\": \"auto\", \"speed\": \"auto\", \"type\": \"unknown\", \"fc_mode\": \"\"}, {\"port\": \"Et3/1\", \"name\": \"\", \"status\": \"connected\", \"vlan_id\": \"1\", \"duplex\": \"auto\", \"speed\": \"auto\", \"type\": \"unknown\", \"fc_mode\": \"\"}, {\"port\": \"Et3/2\", \"name\": \"\", \"status\": \"connected\", \"vlan_id\": \"1\", \"duplex\": \"auto\", \"speed\": \"auto\", \"type\": \"unknown\", \"fc_mode\": \"\"}, {\"port\": \"Et3/3\", \"name\": \"\", \"status\": \"connected\", \"vlan_id\": \"1\", \"duplex\": \"auto\", \"speed\": \"auto\", \"type\": \"unknown\", \"fc_mode\": \"\"}]"], "delta": "0:00:00.059351", "end": "2026-09-24 00:23:03.620015", "msg": "The command exited with a non-zero return code.", "rc": 2, "start": "2026-09-24 00:23:03.560664", "stderr": "python3: can't open file '/var/www/html/documentador-red/scripts/db_sync.py': [Errno 2] No such file or directory", "stderr_lines": ["python3: can't open file '/var/www/html/documentador-red/scripts/db_sync.py': [Errno 2] No such file or directory"], "stdout": "", "stdout_lines": []}
2026-09-24 00:23:03,723 p=206 u=www-data n=ansible INFO| TASK [Inyectar Tabla de Enrutamiento a MySQL] **********************************
2026-09-24 00:23:04,787 p=206 u=www-data n=ansible ERROR| [ERROR]: Task failed: Module failed: The command exited with a non-zero return code.
Origin: /var/www/html/documentador-red/automation/ansible_project/playbooks/network_info.yml:62:7

60         ansible_become: false
61
62     - name: Inyectar Tabla de Enrutamiento a MySQL
         ^ column 7


2026-09-24 00:23:04,789 p=206 u=www-data n=ansible INFO| fatal: [R1-TEST -> localhost]: FAILED! => {"changed": true, "cmd": ["python3", "/var/www/html/documentador-red/scripts/db_sync.py", "R1-TEST", "rutas", "[{\"vrf\": \"\", \"protocol\": \"C\", \"type\": \"\", \"network\": \"192.168.1.0\", \"prefix_length\": \"24\", \"distance\": \"\", \"metric\": \"\", \"nexthop_ip\": \"\", \"nexthop_vrf\": \"\", \"nexthop_if\": \"Ethernet0/0\", \"uptime\": \"\", \"flag\": \"\"}, {\"vrf\": \"\", \"protocol\": \"L\", \"type\": \"\", \"network\": \"192.168.1.109\", \"prefix_length\": \"32\", \"distance\": \"\", \"metric\": \"\", \"nexthop_ip\": \"\", \"nexthop_vrf\": \"\", \"nexthop_if\": \"Ethernet0/0\", \"uptime\": \"\", \"flag\": \"\"}, {\"vrf\": \"\", \"protocol\": \"C\", \"type\": \"\", \"network\": \"192.168.10.0\", \"prefix_length\": \"24\", \"distance\": \"\", \"metric\": \"\", \"nexthop_ip\": \"\", \"nexthop_vrf\": \"\", \"nexthop_if\": \"Ethernet0/1.10\", \"uptime\": \"\", \"flag\": \"\"}, {\"vrf\": \"\", \"protocol\": \"L\", \"type\": \"\", \"network\": \"192.168.10.1\", \"prefix_length\": \"32\", \"distance\": \"\", \"metric\": \"\", \"nexthop_ip\": \"\", \"nexthop_vrf\": \"\", \"nexthop_if\": \"Ethernet0/1.10\", \"uptime\": \"\", \"flag\": \"\"}, {\"vrf\": \"\", \"protocol\": \"C\", \"type\": \"\", \"network\": \"192.168.20.0\", \"prefix_length\": \"24\", \"distance\": \"\", \"metric\": \"\", \"nexthop_ip\": \"\", \"nexthop_vrf\": \"\", \"nexthop_if\": \"Ethernet0/1.20\", \"uptime\": \"\", \"flag\": \"\"}, {\"vrf\": \"\", \"protocol\": \"L\", \"type\": \"\", \"network\": \"192.168.20.1\", \"prefix_length\": \"32\", \"distance\": \"\", \"metric\": \"\", \"nexthop_ip\": \"\", \"nexthop_vrf\": \"\", \"nexthop_if\": \"Ethernet0/1.20\", \"uptime\": \"\", \"flag\": \"\"}, {\"vrf\": \"\", \"protocol\": \"C\", \"type\": \"\", \"network\": \"192.168.30.0\", \"prefix_length\": \"24\", \"distance\": \"\", \"metric\": \"\", \"nexthop_ip\": \"\", \"nexthop_vrf\": \"\", \"nexthop_if\": \"Ethernet0/1.30\", \"uptime\": \"\", \"flag\": \"\"}, {\"vrf\": \"\", \"protocol\": \"L\", \"type\": \"\", \"network\": \"192.168.30.1\", \"prefix_length\": \"32\", \"distance\": \"\", \"metric\": \"\", \"nexthop_ip\": \"\", \"nexthop_vrf\": \"\", \"nexthop_if\": \"Ethernet0/1.30\", \"uptime\": \"\", \"flag\": \"\"}, {\"vrf\": \"\", \"protocol\": \"C\", \"type\": \"\", \"network\": \"192.168.99.0\", \"prefix_length\": \"24\", \"distance\": \"\", \"metric\": \"\", \"nexthop_ip\": \"\", \"nexthop_vrf\": \"\", \"nexthop_if\": \"Ethernet0/1.99\", \"uptime\": \"\", \"flag\": \"\"}, {\"vrf\": \"\", \"protocol\": \"L\", \"type\": \"\", \"network\": \"192.168.99.1\", \"prefix_length\": \"32\", \"distance\": \"\", \"metric\": \"\", \"nexthop_ip\": \"\", \"nexthop_vrf\": \"\", \"nexthop_if\": \"Ethernet0/1.99\", \"uptime\": \"\", \"flag\": \"\"}]"], "delta": "0:00:00.059378", "end": "2026-09-24 00:23:04.685760", "msg": "The command exited with a non-zero return code.", "rc": 2, "start": "2026-09-24 00:23:04.626382", "stderr": "python3: can't open file '/var/www/html/documentador-red/scripts/db_sync.py': [Errno 2] No such file or directory", "stderr_lines": ["python3: can't open file '/var/www/html/documentador-red/scripts/db_sync.py': [Errno 2] No such file or directory"], "stdout": "", "stdout_lines": []}
2026-09-24 00:23:04,819 p=206 u=www-data n=ansible INFO| PLAY RECAP *********************************************************************
2026-09-24 00:23:04,820 p=206 u=www-data n=ansible INFO| R1-TEST                    : ok=3    changed=0    unreachable=0    failed=1    skipped=2    rescued=0    ignored=0   
2026-09-24 00:23:04,820 p=206 u=www-data n=ansible INFO| SW_1                       : ok=4    changed=0    unreachable=0    failed=1    skipped=0    rescued=0    ignored=0   
2026-09-24 00:23:04,820 p=206 u=www-data n=ansible INFO| SW_2                       : ok=4    changed=0    unreachable=0    failed=1    skipped=0    rescued=0    ignored=0   
2026-09-24 00:23:04,820 p=206 u=www-data n=ansible INFO| SW_CORE                    : ok=4    changed=0    unreachable=0    failed=1    skipped=0    rescued=0    ignored=0   
2026-09-24 00:23:04,897 p=251 u=www-data n=ansible INFO| shutdown complete
2026-09-24 00:23:04,904 p=224 u=www-data n=ansible INFO| shutdown complete
2026-09-24 00:23:04,911 p=230 u=www-data n=ansible INFO| shutdown complete
2026-09-24 00:23:04,922 p=227 u=www-data n=ansible INFO| shutdown complete
2026-09-24 00:23:54,757 p=364 u=www-data n=ansible INFO| PLAY [Auditoría Estructural de Red y Respaldos (Sin CSVs)] *********************
2026-09-24 00:23:54,790 p=364 u=www-data n=ansible INFO| TASK [Obtener Interfaces Switches (Estado y VLANs)] ****************************
2026-09-24 00:23:54,966 p=364 u=www-data n=ansible INFO| skipping: [R1-TEST]
2026-09-24 00:23:59,283 p=364 u=www-data n=ansible INFO| network_os is set to cisco.ios.ios
2026-09-24 00:23:59,380 p=382 u=www-data n=p=382 u=www-data | paramiko [192.168.99.2] INFO| Connected (version 2.0, client Cisco-1.25)
2026-09-24 00:23:59,403 p=364 u=www-data n=ansible INFO| network_os is set to cisco.ios.ios
2026-09-24 00:23:59,456 p=388 u=www-data n=p=388 u=www-data | paramiko [192.168.99.4] INFO| Connected (version 1.99, client Cisco-1.25)
2026-09-24 00:23:59,461 p=364 u=www-data n=ansible INFO| network_os is set to cisco.ios.ios
2026-09-24 00:23:59,502 p=385 u=www-data n=p=385 u=www-data | paramiko [192.168.99.3] INFO| Connected (version 2.0, client Cisco-1.25)
2026-09-24 00:23:59,913 p=382 u=www-data n=p=382 u=www-data | paramiko [192.168.99.2] INFO| Authentication (password) successful!
2026-09-24 00:23:59,989 p=388 u=www-data n=p=388 u=www-data | paramiko [192.168.99.4] INFO| Authentication (password) successful!
2026-09-24 00:24:00,003 p=385 u=www-data n=p=385 u=www-data | paramiko [192.168.99.3] INFO| Authentication (password) successful!
2026-09-24 00:24:02,138 p=364 u=www-data n=ansible INFO| ok: [SW_CORE]
2026-09-24 00:24:02,378 p=364 u=www-data n=ansible INFO| ok: [SW_2]
2026-09-24 00:24:02,381 p=364 u=www-data n=ansible INFO| ok: [SW_1]
2026-09-24 00:24:02,392 p=364 u=www-data n=ansible INFO| TASK [Obtener Rutas L3] ********************************************************
2026-09-24 00:24:08,757 p=364 u=www-data n=ansible INFO| network_os is set to cisco.ios.ios
2026-09-24 00:24:08,876 p=409 u=www-data n=p=409 u=www-data | paramiko [192.168.99.1] INFO| Connected (version 2.0, client Cisco-1.25)
2026-09-24 00:24:09,390 p=364 u=www-data n=ansible INFO| ok: [SW_CORE]
2026-09-24 00:24:09,438 p=364 u=www-data n=ansible INFO| ok: [SW_1]
2026-09-24 00:24:09,510 p=364 u=www-data n=ansible INFO| ok: [SW_2]
2026-09-24 00:24:09,683 p=409 u=www-data n=p=409 u=www-data | paramiko [192.168.99.1] INFO| Authentication (password) successful!
2026-09-24 00:24:11,296 p=364 u=www-data n=ansible INFO| ok: [R1-TEST]
2026-09-24 00:24:11,317 p=364 u=www-data n=ansible INFO| TASK [Obtener Datos de Seguridad] **********************************************
2026-09-24 00:24:17,903 p=364 u=www-data n=ansible INFO| ok: [R1-TEST]
2026-09-24 00:24:18,051 p=364 u=www-data n=ansible INFO| ok: [SW_1]
2026-09-24 00:24:18,082 p=364 u=www-data n=ansible INFO| ok: [SW_CORE]
2026-09-24 00:24:18,453 p=364 u=www-data n=ansible INFO| ok: [SW_2]
2026-09-24 00:24:18,459 p=364 u=www-data n=ansible INFO| TASK [Estructurar Variables de Seguridad] **************************************
2026-09-24 00:24:19,546 p=364 u=www-data n=ansible INFO| ok: [R1-TEST]
2026-09-24 00:24:19,547 p=364 u=www-data n=ansible INFO| ok: [SW_1]
2026-09-24 00:24:19,596 p=364 u=www-data n=ansible INFO| ok: [SW_CORE]
2026-09-24 00:24:19,648 p=364 u=www-data n=ansible INFO| ok: [SW_2]
2026-09-24 00:24:19,659 p=364 u=www-data n=ansible INFO| TASK [Inyectar Puertos a MySQL] ************************************************
2026-09-24 00:24:19,861 p=364 u=www-data n=ansible INFO| skipping: [R1-TEST]
2026-09-24 00:24:21,828 p=364 u=www-data n=ansible ERROR| [ERROR]: Task failed: Module failed: The command exited with a non-zero return code.
Origin: /var/www/html/documentador-red/automation/ansible_project/playbooks/network_info.yml:52:7

50     # 3. INYECCIÓN A MYSQL (Ejecutando el Script Python)
51     # =========================================================
52     - name: Inyectar Puertos a MySQL
         ^ column 7


2026-09-24 00:24:21,833 p=364 u=www-data n=ansible INFO| fatal: [SW_1 -> localhost]: FAILED! => {"changed": true, "cmd": ["python3", "/var/www/html/documentador-red/scripts/db_sync.py", "SW_1", "puertos", "[{\"port\": \"Et0/0\", \"name\": \"TO_SW_CORE\", \"status\": \"connected\", \"vlan_id\": \"trunk\", \"duplex\": \"auto\", \"speed\": \"auto\", \"type\": \"unknown\", \"fc_mode\": \"\"}, {\"port\": \"Et0/1\", \"name\": \"\", \"status\": \"connected\", \"vlan_id\": \"1\", \"duplex\": \"auto\", \"speed\": \"auto\", \"type\": \"unknown\", \"fc_mode\": \"\"}, {\"port\": \"Et0/2\", \"name\": \"\", \"status\": \"connected\", \"vlan_id\": \"1\", \"duplex\": \"auto\", \"speed\": \"auto\", \"type\": \"unknown\", \"fc_mode\": \"\"}, {\"port\": \"Et0/3\", \"name\": \"\", \"status\": \"connected\", \"vlan_id\": \"1\", \"duplex\": \"auto\", \"speed\": \"auto\", \"type\": \"unknown\", \"fc_mode\": \"\"}, {\"port\": \"Et1/0\", \"name\": \"\", \"status\": \"connected\", \"vlan_id\": \"1\", \"duplex\": \"auto\", \"speed\": \"auto\", \"type\": \"unknown\", \"fc_mode\": \"\"}, {\"port\": \"Et1/1\", \"name\": \"\", \"status\": \"connected\", \"vlan_id\": \"1\", \"duplex\": \"auto\", \"speed\": \"auto\", \"type\": \"unknown\", \"fc_mode\": \"\"}, {\"port\": \"Et1/2\", \"name\": \"\", \"status\": \"connected\", \"vlan_id\": \"1\", \"duplex\": \"auto\", \"speed\": \"auto\", \"type\": \"unknown\", \"fc_mode\": \"\"}, {\"port\": \"Et1/3\", \"name\": \"\", \"status\": \"connected\", \"vlan_id\": \"1\", \"duplex\": \"auto\", \"speed\": \"auto\", \"type\": \"unknown\", \"fc_mode\": \"\"}, {\"port\": \"Et2/0\", \"name\": \"\", \"status\": \"connected\", \"vlan_id\": \"1\", \"duplex\": \"auto\", \"speed\": \"auto\", \"type\": \"unknown\", \"fc_mode\": \"\"}, {\"port\": \"Et2/1\", \"name\": \"\", \"status\": \"connected\", \"vlan_id\": \"1\", \"duplex\": \"auto\", \"speed\": \"auto\", \"type\": \"unknown\", \"fc_mode\": \"\"}, {\"port\": \"Et2/2\", \"name\": \"\", \"status\": \"connected\", \"vlan_id\": \"1\", \"duplex\": \"auto\", \"speed\": \"auto\", \"type\": \"unknown\", \"fc_mode\": \"\"}, {\"port\": \"Et2/3\", \"name\": \"\", \"status\": \"connected\", \"vlan_id\": \"1\", \"duplex\": \"auto\", \"speed\": \"auto\", \"type\": \"unknown\", \"fc_mode\": \"\"}, {\"port\": \"Et3/0\", \"name\": \"\", \"status\": \"connected\", \"vlan_id\": \"1\", \"duplex\": \"auto\", \"speed\": \"auto\", \"type\": \"unknown\", \"fc_mode\": \"\"}, {\"port\": \"Et3/1\", \"name\": \"\", \"status\": \"connected\", \"vlan_id\": \"1\", \"duplex\": \"auto\", \"speed\": \"auto\", \"type\": \"unknown\", \"fc_mode\": \"\"}, {\"port\": \"Et3/2\", \"name\": \"\", \"status\": \"connected\", \"vlan_id\": \"1\", \"duplex\": \"auto\", \"speed\": \"auto\", \"type\": \"unknown\", \"fc_mode\": \"\"}, {\"port\": \"Et3/3\", \"name\": \"\", \"status\": \"connected\", \"vlan_id\": \"1\", \"duplex\": \"auto\", \"speed\": \"auto\", \"type\": \"unknown\", \"fc_mode\": \"\"}]"], "delta": "0:00:00.143687", "end": "2026-09-24 00:24:21.607743", "msg": "The command exited with a non-zero return code.", "rc": 2, "start": "2026-09-24 00:24:21.464056", "stderr": "python3: can't open file '/var/www/html/documentador-red/scripts/db_sync.py': [Errno 2] No such file or directory", "stderr_lines": ["python3: can't open file '/var/www/html/documentador-red/scripts/db_sync.py': [Errno 2] No such file or directory"], "stdout": "", "stdout_lines": []}
2026-09-24 00:24:21,868 p=364 u=www-data n=ansible INFO| fatal: [SW_2 -> localhost]: FAILED! => {"changed": true, "cmd": ["python3", "/var/www/html/documentador-red/scripts/db_sync.py", "SW_2", "puertos", "[{\"port\": \"Et0/0\", \"name\": \"TO_SW_CORE\", \"status\": \"connected\", \"vlan_id\": \"trunk\", \"duplex\": \"auto\", \"speed\": \"auto\", \"type\": \"unknown\", \"fc_mode\": \"\"}, {\"port\": \"Et0/1\", \"name\": \"\", \"status\": \"connected\", \"vlan_id\": \"1\", \"duplex\": \"auto\", \"speed\": \"auto\", \"type\": \"unknown\", \"fc_mode\": \"\"}, {\"port\": \"Et0/2\", \"name\": \"\", \"status\": \"connected\", \"vlan_id\": \"1\", \"duplex\": \"auto\", \"speed\": \"auto\", \"type\": \"unknown\", \"fc_mode\": \"\"}, {\"port\": \"Et0/3\", \"name\": \"\", \"status\": \"connected\", \"vlan_id\": \"1\", \"duplex\": \"auto\", \"speed\": \"auto\", \"type\": \"unknown\", \"fc_mode\": \"\"}, {\"port\": \"Et1/0\", \"name\": \"\", \"status\": \"connected\", \"vlan_id\": \"1\", \"duplex\": \"auto\", \"speed\": \"auto\", \"type\": \"unknown\", \"fc_mode\": \"\"}, {\"port\": \"Et1/1\", \"name\": \"\", \"status\": \"connected\", \"vlan_id\": \"1\", \"duplex\": \"auto\", \"speed\": \"auto\", \"type\": \"unknown\", \"fc_mode\": \"\"}, {\"port\": \"Et1/2\", \"name\": \"\", \"status\": \"connected\", \"vlan_id\": \"1\", \"duplex\": \"auto\", \"speed\": \"auto\", \"type\": \"unknown\", \"fc_mode\": \"\"}, {\"port\": \"Et1/3\", \"name\": \"\", \"status\": \"connected\", \"vlan_id\": \"1\", \"duplex\": \"auto\", \"speed\": \"auto\", \"type\": \"unknown\", \"fc_mode\": \"\"}, {\"port\": \"Et2/0\", \"name\": \"\", \"status\": \"connected\", \"vlan_id\": \"1\", \"duplex\": \"auto\", \"speed\": \"auto\", \"type\": \"unknown\", \"fc_mode\": \"\"}, {\"port\": \"Et2/1\", \"name\": \"\", \"status\": \"connected\", \"vlan_id\": \"1\", \"duplex\": \"auto\", \"speed\": \"auto\", \"type\": \"unknown\", \"fc_mode\": \"\"}, {\"port\": \"Et2/2\", \"name\": \"\", \"status\": \"connected\", \"vlan_id\": \"1\", \"duplex\": \"auto\", \"speed\": \"auto\", \"type\": \"unknown\", \"fc_mode\": \"\"}, {\"port\": \"Et2/3\", \"name\": \"\", \"status\": \"connected\", \"vlan_id\": \"1\", \"duplex\": \"auto\", \"speed\": \"auto\", \"type\": \"unknown\", \"fc_mode\": \"\"}, {\"port\": \"Et3/0\", \"name\": \"\", \"status\": \"connected\", \"vlan_id\": \"1\", \"duplex\": \"auto\", \"speed\": \"auto\", \"type\": \"unknown\", \"fc_mode\": \"\"}, {\"port\": \"Et3/1\", \"name\": \"\", \"status\": \"connected\", \"vlan_id\": \"1\", \"duplex\": \"auto\", \"speed\": \"auto\", \"type\": \"unknown\", \"fc_mode\": \"\"}, {\"port\": \"Et3/2\", \"name\": \"\", \"status\": \"connected\", \"vlan_id\": \"1\", \"duplex\": \"auto\", \"speed\": \"auto\", \"type\": \"unknown\", \"fc_mode\": \"\"}, {\"port\": \"Et3/3\", \"name\": \"\", \"status\": \"connected\", \"vlan_id\": \"1\", \"duplex\": \"auto\", \"speed\": \"auto\", \"type\": \"unknown\", \"fc_mode\": \"\"}]"], "delta": "0:00:00.084581", "end": "2026-09-24 00:24:21.715678", "msg": "The command exited with a non-zero return code.", "rc": 2, "start": "2026-09-24 00:24:21.631097", "stderr": "python3: can't open file '/var/www/html/documentador-red/scripts/db_sync.py': [Errno 2] No such file or directory", "stderr_lines": ["python3: can't open file '/var/www/html/documentador-red/scripts/db_sync.py': [Errno 2] No such file or directory"], "stdout": "", "stdout_lines": []}
2026-09-24 00:24:21,892 p=364 u=www-data n=ansible INFO| fatal: [SW_CORE -> localhost]: FAILED! => {"changed": true, "cmd": ["python3", "/var/www/html/documentador-red/scripts/db_sync.py", "SW_CORE", "puertos", "[{\"port\": \"Et0/0\", \"name\": \"TO_R1_TEST\", \"status\": \"connected\", \"vlan_id\": \"trunk\", \"duplex\": \"auto\", \"speed\": \"auto\", \"type\": \"unknown\", \"fc_mode\": \"\"}, {\"port\": \"Et0/1\", \"name\": \"TO_SW_1\", \"status\": \"connected\", \"vlan_id\": \"trunk\", \"duplex\": \"auto\", \"speed\": \"auto\", \"type\": \"unknown\", \"fc_mode\": \"\"}, {\"port\": \"Et0/2\", \"name\": \"TO_SW_2\", \"status\": \"connected\", \"vlan_id\": \"trunk\", \"duplex\": \"auto\", \"speed\": \"auto\", \"type\": \"unknown\", \"fc_mode\": \"\"}, {\"port\": \"Et0/3\", \"name\": \"\", \"status\": \"connected\", \"vlan_id\": \"1\", \"duplex\": \"auto\", \"speed\": \"auto\", \"type\": \"unknown\", \"fc_mode\": \"\"}, {\"port\": \"Et1/0\", \"name\": \"\", \"status\": \"connected\", \"vlan_id\": \"1\", \"duplex\": \"auto\", \"speed\": \"auto\", \"type\": \"unknown\", \"fc_mode\": \"\"}, {\"port\": \"Et1/1\", \"name\": \"\", \"status\": \"connected\", \"vlan_id\": \"1\", \"duplex\": \"auto\", \"speed\": \"auto\", \"type\": \"unknown\", \"fc_mode\": \"\"}, {\"port\": \"Et1/2\", \"name\": \"\", \"status\": \"connected\", \"vlan_id\": \"1\", \"duplex\": \"auto\", \"speed\": \"auto\", \"type\": \"unknown\", \"fc_mode\": \"\"}, {\"port\": \"Et1/3\", \"name\": \"\", \"status\": \"connected\", \"vlan_id\": \"1\", \"duplex\": \"auto\", \"speed\": \"auto\", \"type\": \"unknown\", \"fc_mode\": \"\"}, {\"port\": \"Et2/0\", \"name\": \"\", \"status\": \"connected\", \"vlan_id\": \"1\", \"duplex\": \"auto\", \"speed\": \"auto\", \"type\": \"unknown\", \"fc_mode\": \"\"}, {\"port\": \"Et2/1\", \"name\": \"\", \"status\": \"connected\", \"vlan_id\": \"1\", \"duplex\": \"auto\", \"speed\": \"auto\", \"type\": \"unknown\", \"fc_mode\": \"\"}, {\"port\": \"Et2/2\", \"name\": \"\", \"status\": \"connected\", \"vlan_id\": \"1\", \"duplex\": \"auto\", \"speed\": \"auto\", \"type\": \"unknown\", \"fc_mode\": \"\"}, {\"port\": \"Et2/3\", \"name\": \"\", \"status\": \"connected\", \"vlan_id\": \"1\", \"duplex\": \"auto\", \"speed\": \"auto\", \"type\": \"unknown\", \"fc_mode\": \"\"}, {\"port\": \"Et3/0\", \"name\": \"\", \"status\": \"connected\", \"vlan_id\": \"1\", \"duplex\": \"auto\", \"speed\": \"auto\", \"type\": \"unknown\", \"fc_mode\": \"\"}, {\"port\": \"Et3/1\", \"name\": \"\", \"status\": \"connected\", \"vlan_id\": \"1\", \"duplex\": \"auto\", \"speed\": \"auto\", \"type\": \"unknown\", \"fc_mode\": \"\"}, {\"port\": \"Et3/2\", \"name\": \"\", \"status\": \"connected\", \"vlan_id\": \"1\", \"duplex\": \"auto\", \"speed\": \"auto\", \"type\": \"unknown\", \"fc_mode\": \"\"}, {\"port\": \"Et3/3\", \"name\": \"\", \"status\": \"connected\", \"vlan_id\": \"1\", \"duplex\": \"auto\", \"speed\": \"auto\", \"type\": \"unknown\", \"fc_mode\": \"\"}]"], "delta": "0:00:00.116016", "end": "2026-09-24 00:24:21.762372", "msg": "The command exited with a non-zero return code.", "rc": 2, "start": "2026-09-24 00:24:21.646356", "stderr": "python3: can't open file '/var/www/html/documentador-red/scripts/db_sync.py': [Errno 2] No such file or directory", "stderr_lines": ["python3: can't open file '/var/www/html/documentador-red/scripts/db_sync.py': [Errno 2] No such file or directory"], "stdout": "", "stdout_lines": []}
2026-09-24 00:24:21,897 p=364 u=www-data n=ansible INFO| TASK [Inyectar Tabla de Enrutamiento a MySQL] **********************************
2026-09-24 00:24:22,957 p=364 u=www-data n=ansible ERROR| [ERROR]: Task failed: Module failed: The command exited with a non-zero return code.
Origin: /var/www/html/documentador-red/automation/ansible_project/playbooks/network_info.yml:62:7

60         ansible_become: false
61
62     - name: Inyectar Tabla de Enrutamiento a MySQL
         ^ column 7


2026-09-24 00:24:22,959 p=364 u=www-data n=ansible INFO| fatal: [R1-TEST -> localhost]: FAILED! => {"changed": true, "cmd": ["python3", "/var/www/html/documentador-red/scripts/db_sync.py", "R1-TEST", "rutas", "[{\"vrf\": \"\", \"protocol\": \"C\", \"type\": \"\", \"network\": \"192.168.1.0\", \"prefix_length\": \"24\", \"distance\": \"\", \"metric\": \"\", \"nexthop_ip\": \"\", \"nexthop_vrf\": \"\", \"nexthop_if\": \"Ethernet0/0\", \"uptime\": \"\", \"flag\": \"\"}, {\"vrf\": \"\", \"protocol\": \"L\", \"type\": \"\", \"network\": \"192.168.1.109\", \"prefix_length\": \"32\", \"distance\": \"\", \"metric\": \"\", \"nexthop_ip\": \"\", \"nexthop_vrf\": \"\", \"nexthop_if\": \"Ethernet0/0\", \"uptime\": \"\", \"flag\": \"\"}, {\"vrf\": \"\", \"protocol\": \"C\", \"type\": \"\", \"network\": \"192.168.10.0\", \"prefix_length\": \"24\", \"distance\": \"\", \"metric\": \"\", \"nexthop_ip\": \"\", \"nexthop_vrf\": \"\", \"nexthop_if\": \"Ethernet0/1.10\", \"uptime\": \"\", \"flag\": \"\"}, {\"vrf\": \"\", \"protocol\": \"L\", \"type\": \"\", \"network\": \"192.168.10.1\", \"prefix_length\": \"32\", \"distance\": \"\", \"metric\": \"\", \"nexthop_ip\": \"\", \"nexthop_vrf\": \"\", \"nexthop_if\": \"Ethernet0/1.10\", \"uptime\": \"\", \"flag\": \"\"}, {\"vrf\": \"\", \"protocol\": \"C\", \"type\": \"\", \"network\": \"192.168.20.0\", \"prefix_length\": \"24\", \"distance\": \"\", \"metric\": \"\", \"nexthop_ip\": \"\", \"nexthop_vrf\": \"\", \"nexthop_if\": \"Ethernet0/1.20\", \"uptime\": \"\", \"flag\": \"\"}, {\"vrf\": \"\", \"protocol\": \"L\", \"type\": \"\", \"network\": \"192.168.20.1\", \"prefix_length\": \"32\", \"distance\": \"\", \"metric\": \"\", \"nexthop_ip\": \"\", \"nexthop_vrf\": \"\", \"nexthop_if\": \"Ethernet0/1.20\", \"uptime\": \"\", \"flag\": \"\"}, {\"vrf\": \"\", \"protocol\": \"C\", \"type\": \"\", \"network\": \"192.168.30.0\", \"prefix_length\": \"24\", \"distance\": \"\", \"metric\": \"\", \"nexthop_ip\": \"\", \"nexthop_vrf\": \"\", \"nexthop_if\": \"Ethernet0/1.30\", \"uptime\": \"\", \"flag\": \"\"}, {\"vrf\": \"\", \"protocol\": \"L\", \"type\": \"\", \"network\": \"192.168.30.1\", \"prefix_length\": \"32\", \"distance\": \"\", \"metric\": \"\", \"nexthop_ip\": \"\", \"nexthop_vrf\": \"\", \"nexthop_if\": \"Ethernet0/1.30\", \"uptime\": \"\", \"flag\": \"\"}, {\"vrf\": \"\", \"protocol\": \"C\", \"type\": \"\", \"network\": \"192.168.99.0\", \"prefix_length\": \"24\", \"distance\": \"\", \"metric\": \"\", \"nexthop_ip\": \"\", \"nexthop_vrf\": \"\", \"nexthop_if\": \"Ethernet0/1.99\", \"uptime\": \"\", \"flag\": \"\"}, {\"vrf\": \"\", \"protocol\": \"L\", \"type\": \"\", \"network\": \"192.168.99.1\", \"prefix_length\": \"32\", \"distance\": \"\", \"metric\": \"\", \"nexthop_ip\": \"\", \"nexthop_vrf\": \"\", \"nexthop_if\": \"Ethernet0/1.99\", \"uptime\": \"\", \"flag\": \"\"}]"], "delta": "0:00:00.059155", "end": "2026-09-24 00:24:22.855885", "msg": "The command exited with a non-zero return code.", "rc": 2, "start": "2026-09-24 00:24:22.796730", "stderr": "python3: can't open file '/var/www/html/documentador-red/scripts/db_sync.py': [Errno 2] No such file or directory", "stderr_lines": ["python3: can't open file '/var/www/html/documentador-red/scripts/db_sync.py': [Errno 2] No such file or directory"], "stdout": "", "stdout_lines": []}
2026-09-24 00:24:22,971 p=364 u=www-data n=ansible INFO| PLAY RECAP *********************************************************************
2026-09-24 00:24:22,971 p=364 u=www-data n=ansible INFO| R1-TEST                    : ok=3    changed=0    unreachable=0    failed=1    skipped=2    rescued=0    ignored=0   
2026-09-24 00:24:22,972 p=364 u=www-data n=ansible INFO| SW_1                       : ok=4    changed=0    unreachable=0    failed=1    skipped=0    rescued=0    ignored=0   
2026-09-24 00:24:22,972 p=364 u=www-data n=ansible INFO| SW_2                       : ok=4    changed=0    unreachable=0    failed=1    skipped=0    rescued=0    ignored=0   
2026-09-24 00:24:22,972 p=364 u=www-data n=ansible INFO| SW_CORE                    : ok=4    changed=0    unreachable=0    failed=1    skipped=0    rescued=0    ignored=0   
2026-09-24 00:24:23,064 p=409 u=www-data n=ansible INFO| shutdown complete
2026-09-24 00:24:23,066 p=385 u=www-data n=ansible INFO| shutdown complete
2026-09-24 00:24:23,070 p=382 u=www-data n=ansible INFO| shutdown complete
2026-09-24 00:24:23,072 p=388 u=www-data n=ansible INFO| shutdown complete
2026-09-24 00:27:49,541 p=522 u=www-data n=ansible INFO| PLAY [Auditoría Estructural de Red y Respaldos (Sin CSVs)] *********************
2026-09-24 00:27:49,575 p=522 u=www-data n=ansible INFO| TASK [Obtener Interfaces Switches (Estado y VLANs)] ****************************
2026-09-24 00:27:49,752 p=522 u=www-data n=ansible INFO| skipping: [R1-TEST]
2026-09-24 00:27:53,755 p=522 u=www-data n=ansible INFO| network_os is set to cisco.ios.ios
2026-09-24 00:27:53,787 p=540 u=www-data n=p=540 u=www-data | paramiko [192.168.99.3] INFO| Connected (version 2.0, client Cisco-1.25)
2026-09-24 00:27:54,226 p=522 u=www-data n=ansible INFO| network_os is set to cisco.ios.ios
2026-09-24 00:27:54,260 p=546 u=www-data n=p=546 u=www-data | paramiko [192.168.99.4] INFO| Connected (version 1.99, client Cisco-1.25)
2026-09-24 00:27:54,347 p=522 u=www-data n=ansible INFO| network_os is set to cisco.ios.ios
2026-09-24 00:27:54,350 p=540 u=www-data n=p=540 u=www-data | paramiko [192.168.99.3] INFO| Authentication (password) successful!
2026-09-24 00:27:54,418 p=543 u=www-data n=p=543 u=www-data | paramiko [192.168.99.2] INFO| Connected (version 2.0, client Cisco-1.25)
2026-09-24 00:27:54,881 p=543 u=www-data n=p=543 u=www-data | paramiko [192.168.99.2] INFO| Authentication (password) successful!
2026-09-24 00:27:54,928 p=546 u=www-data n=p=546 u=www-data | paramiko [192.168.99.4] INFO| Authentication (password) successful!
2026-09-24 00:27:56,188 p=522 u=www-data n=ansible INFO| ok: [SW_1]
2026-09-24 00:27:56,651 p=522 u=www-data n=ansible INFO| ok: [SW_CORE]
2026-09-24 00:27:56,756 p=522 u=www-data n=ansible INFO| ok: [SW_2]
2026-09-24 00:27:56,762 p=522 u=www-data n=ansible INFO| TASK [Obtener Rutas L3] ********************************************************
2026-09-24 00:28:02,718 p=522 u=www-data n=ansible INFO| network_os is set to cisco.ios.ios
2026-09-24 00:28:02,757 p=567 u=www-data n=p=567 u=www-data | paramiko [192.168.99.1] INFO| Connected (version 2.0, client Cisco-1.25)
2026-09-24 00:28:03,059 p=522 u=www-data n=ansible INFO| ok: [SW_1]
2026-09-24 00:28:03,398 p=522 u=www-data n=ansible INFO| ok: [SW_CORE]
2026-09-24 00:28:03,427 p=522 u=www-data n=ansible INFO| ok: [SW_2]
2026-09-24 00:28:03,500 p=567 u=www-data n=p=567 u=www-data | paramiko [192.168.99.1] INFO| Authentication (password) successful!
2026-09-24 00:28:05,155 p=522 u=www-data n=ansible INFO| ok: [R1-TEST]
2026-09-24 00:28:05,176 p=522 u=www-data n=ansible INFO| TASK [Obtener Datos de Seguridad] **********************************************
2026-09-24 00:28:11,257 p=522 u=www-data n=ansible INFO| ok: [R1-TEST]
2026-09-24 00:28:11,308 p=522 u=www-data n=ansible INFO| ok: [SW_CORE]
2026-09-24 00:28:11,441 p=522 u=www-data n=ansible INFO| ok: [SW_2]
2026-09-24 00:28:11,517 p=522 u=www-data n=ansible INFO| ok: [SW_1]
2026-09-24 00:28:11,523 p=522 u=www-data n=ansible INFO| TASK [Estructurar Variables de Seguridad] **************************************
2026-09-24 00:28:12,640 p=522 u=www-data n=ansible INFO| ok: [SW_1]
2026-09-24 00:28:12,659 p=522 u=www-data n=ansible INFO| ok: [SW_CORE]
2026-09-24 00:28:12,683 p=522 u=www-data n=ansible INFO| ok: [R1-TEST]
2026-09-24 00:28:12,715 p=522 u=www-data n=ansible INFO| ok: [SW_2]
2026-09-24 00:28:12,722 p=522 u=www-data n=ansible INFO| TASK [Inyectar Puertos a MySQL] ************************************************
2026-09-24 00:28:12,916 p=522 u=www-data n=ansible INFO| skipping: [R1-TEST]
2026-09-24 00:28:15,568 p=522 u=www-data n=ansible INFO| changed: [SW_1 -> localhost]
2026-09-24 00:28:15,696 p=522 u=www-data n=ansible INFO| changed: [SW_2 -> localhost]
2026-09-24 00:28:15,758 p=522 u=www-data n=ansible INFO| changed: [SW_CORE -> localhost]
2026-09-24 00:28:15,764 p=522 u=www-data n=ansible INFO| TASK [Inyectar Tabla de Enrutamiento a MySQL] **********************************
2026-09-24 00:28:19,281 p=522 u=www-data n=ansible INFO| changed: [SW_1 -> localhost]
2026-09-24 00:28:19,284 p=522 u=www-data n=ansible INFO| changed: [SW_2 -> localhost]
2026-09-24 00:28:19,310 p=522 u=www-data n=ansible INFO| changed: [R1-TEST -> localhost]
2026-09-24 00:28:19,355 p=522 u=www-data n=ansible INFO| changed: [SW_CORE -> localhost]
2026-09-24 00:28:19,360 p=522 u=www-data n=ansible INFO| TASK [Inyectar Auditoría de Seguridad a MySQL] *********************************
2026-09-24 00:28:22,529 p=522 u=www-data n=ansible INFO| changed: [SW_1 -> localhost]
2026-09-24 00:28:22,545 p=522 u=www-data n=ansible INFO| changed: [SW_CORE -> localhost]
2026-09-24 00:28:22,678 p=522 u=www-data n=ansible INFO| changed: [R1-TEST -> localhost]
2026-09-24 00:28:22,741 p=522 u=www-data n=ansible INFO| changed: [SW_2 -> localhost]
2026-09-24 00:28:22,747 p=522 u=www-data n=ansible INFO| TASK [Crear directorio backup host] ********************************************
2026-09-24 00:28:25,340 p=522 u=www-data n=ansible INFO| ok: [R1-TEST -> localhost]
2026-09-24 00:28:25,350 p=522 u=www-data n=ansible INFO| ok: [SW_CORE -> localhost]
2026-09-24 00:28:25,363 p=522 u=www-data n=ansible INFO| ok: [SW_1 -> localhost]
2026-09-24 00:28:25,393 p=522 u=www-data n=ansible INFO| ok: [SW_2 -> localhost]
2026-09-24 00:28:25,399 p=522 u=www-data n=ansible INFO| TASK [Obtener Running Config] **************************************************
2026-09-24 00:28:30,519 p=522 u=www-data n=ansible INFO| ok: [SW_2]
2026-09-24 00:28:30,731 p=522 u=www-data n=ansible INFO| ok: [SW_CORE]
2026-09-24 00:28:30,804 p=522 u=www-data n=ansible INFO| ok: [SW_1]
2026-09-24 00:28:30,953 p=522 u=www-data n=ansible INFO| ok: [R1-TEST]
2026-09-24 00:28:30,961 p=522 u=www-data n=ansible INFO| TASK [Guardar Archivo de Backup] ***********************************************
2026-09-24 00:28:35,820 p=522 u=www-data n=ansible INFO| changed: [R1-TEST -> localhost]
2026-09-24 00:28:35,839 p=522 u=www-data n=ansible INFO| changed: [SW_1 -> localhost]
2026-09-24 00:28:35,935 p=522 u=www-data n=ansible INFO| changed: [SW_CORE -> localhost]
2026-09-24 00:28:35,947 p=522 u=www-data n=ansible INFO| changed: [SW_2 -> localhost]
2026-09-24 00:28:35,961 p=522 u=www-data n=ansible INFO| PLAY RECAP *********************************************************************
2026-09-24 00:28:35,961 p=522 u=www-data n=ansible INFO| R1-TEST                    : ok=8    changed=3    unreachable=0    failed=0    skipped=2    rescued=0    ignored=0   
2026-09-24 00:28:35,962 p=522 u=www-data n=ansible INFO| SW_1                       : ok=10   changed=4    unreachable=0    failed=0    skipped=0    rescued=0    ignored=0   
2026-09-24 00:28:35,962 p=522 u=www-data n=ansible INFO| SW_2                       : ok=10   changed=4    unreachable=0    failed=0    skipped=0    rescued=0    ignored=0   
2026-09-24 00:28:35,962 p=522 u=www-data n=ansible INFO| SW_CORE                    : ok=10   changed=4    unreachable=0    failed=0    skipped=0    rescued=0    ignored=0   
2026-09-24 00:28:36,054 p=567 u=www-data n=ansible INFO| shutdown complete
2026-09-24 00:28:36,056 p=543 u=www-data n=ansible INFO| shutdown complete
2026-09-24 00:28:36,060 p=546 u=www-data n=ansible INFO| shutdown complete
2026-09-24 00:28:36,062 p=540 u=www-data n=ansible INFO| shutdown complete
2026-09-24 00:55:49,557 p=1050 u=www-data n=ansible INFO| PLAY [Auditoría Estructural de Red y Respaldos (Sin CSVs)] *********************
2026-09-24 00:55:49,591 p=1050 u=www-data n=ansible INFO| TASK [Obtener Interfaces Switches (Estado y VLANs)] ****************************
2026-09-24 00:55:49,770 p=1050 u=www-data n=ansible INFO| skipping: [R1-TEST]
2026-09-24 00:55:54,192 p=1050 u=www-data n=ansible INFO| network_os is set to cisco.ios.ios
2026-09-24 00:55:54,357 p=1050 u=www-data n=ansible INFO| network_os is set to cisco.ios.ios
2026-09-24 00:55:54,376 p=1050 u=www-data n=ansible INFO| network_os is set to cisco.ios.ios
2026-09-24 00:56:04,269 p=1050 u=www-data n=ansible ERROR| [ERROR]: Task failed: Action failed: ['timed out']
Origin: /var/www/html/documentador-red/automation/ansible_project/playbooks/network_info.yml:11:7

 9     # 1. PARSEOS TEXTFSM (Obtención de Datos Estructurados)
10     # =========================================================
11     - name: Obtener Interfaces Switches (Estado y VLANs)
         ^ column 7


2026-09-24 00:56:04,271 p=1050 u=www-data n=ansible INFO| fatal: [SW_CORE]: FAILED! => {"changed": false, "msg": ["timed out"]}
2026-09-24 00:56:04,271 p=1050 u=www-data n=ansible INFO| ...ignoring
2026-09-24 00:56:04,415 p=1050 u=www-data n=ansible INFO| fatal: [SW_2]: FAILED! => {"changed": false, "msg": ["timed out"]}
2026-09-24 00:56:04,415 p=1050 u=www-data n=ansible INFO| ...ignoring
2026-09-24 00:56:04,434 p=1050 u=www-data n=ansible INFO| fatal: [SW_1]: FAILED! => {"changed": false, "msg": ["timed out"]}
2026-09-24 00:56:04,434 p=1050 u=www-data n=ansible INFO| ...ignoring
2026-09-24 00:56:04,439 p=1050 u=www-data n=ansible INFO| TASK [Obtener Interfaces Routers (Capa 3)] *************************************
2026-09-24 00:56:04,507 p=1050 u=www-data n=ansible INFO| skipping: [SW_CORE]
2026-09-24 00:56:04,546 p=1050 u=www-data n=ansible INFO| skipping: [SW_1]
2026-09-24 00:56:04,567 p=1050 u=www-data n=ansible INFO| skipping: [SW_2]
2026-09-24 00:56:07,220 p=1050 u=www-data n=ansible INFO| network_os is set to cisco.ios.ios
2026-09-24 00:56:10,336 p=1050 u=www-data n=ansible ERROR| [ERROR]: Task failed: Action failed: ['[Errno None] Unable to connect to port 22 on 192.168.99.1']
Origin: /var/www/html/documentador-red/automation/ansible_project/playbooks/network_info.yml:20:7

18       ignore_errors: yes
19
20     - name: Obtener Interfaces Routers (Capa 3)
         ^ column 7


2026-09-24 00:56:10,338 p=1050 u=www-data n=ansible INFO| fatal: [R1-TEST]: FAILED! => {"changed": false, "msg": ["[Errno None] Unable to connect to port 22 on 192.168.99.1"]}
2026-09-24 00:56:10,338 p=1050 u=www-data n=ansible INFO| ...ignoring
2026-09-24 00:56:10,343 p=1050 u=www-data n=ansible INFO| TASK [Obtener Rutas L3] ********************************************************
2026-09-24 00:56:18,548 p=1050 u=www-data n=ansible ERROR| [ERROR]: Task failed: Action failed: ['[Errno None] Unable to connect to port 22 on 192.168.99.3']
Origin: /var/www/html/documentador-red/automation/ansible_project/playbooks/network_info.yml:29:7

27       ignore_errors: yes
28
29     - name: Obtener Rutas L3
         ^ column 7


2026-09-24 00:56:18,552 p=1050 u=www-data n=ansible INFO| fatal: [SW_1]: FAILED! => {"changed": false, "msg": ["[Errno None] Unable to connect to port 22 on 192.168.99.3"]}
2026-09-24 00:56:18,561 p=1050 u=www-data n=ansible INFO| ...ignoring
2026-09-24 00:56:18,562 p=1050 u=www-data n=ansible ERROR| [ERROR]: Task failed: Action failed: ['[Errno None] Unable to connect to port 22 on 192.168.99.4']
Origin: /var/www/html/documentador-red/automation/ansible_project/playbooks/network_info.yml:29:7

27       ignore_errors: yes
28
29     - name: Obtener Rutas L3
         ^ column 7


2026-09-24 00:56:18,565 p=1050 u=www-data n=ansible INFO| fatal: [SW_2]: FAILED! => {"changed": false, "msg": ["[Errno None] Unable to connect to port 22 on 192.168.99.4"]}
2026-09-24 00:56:18,565 p=1050 u=www-data n=ansible INFO| ...ignoring
2026-09-24 00:56:18,577 p=1050 u=www-data n=ansible ERROR| [ERROR]: Task failed: Action failed: ['[Errno None] Unable to connect to port 22 on 192.168.99.2']
Origin: /var/www/html/documentador-red/automation/ansible_project/playbooks/network_info.yml:29:7

27       ignore_errors: yes
28
29     - name: Obtener Rutas L3
         ^ column 7


2026-09-24 00:56:18,578 p=1050 u=www-data n=ansible INFO| fatal: [SW_CORE]: FAILED! => {"changed": false, "msg": ["[Errno None] Unable to connect to port 22 on 192.168.99.2"]}
2026-09-24 00:56:18,578 p=1050 u=www-data n=ansible INFO| ...ignoring
2026-09-24 00:56:18,579 p=1050 u=www-data n=ansible ERROR| [ERROR]: Task failed: Action failed: ['[Errno None] Unable to connect to port 22 on 192.168.99.1']
Origin: /var/www/html/documentador-red/automation/ansible_project/playbooks/network_info.yml:29:7

27       ignore_errors: yes
28
29     - name: Obtener Rutas L3
         ^ column 7


2026-09-24 00:56:18,582 p=1050 u=www-data n=ansible INFO| fatal: [R1-TEST]: FAILED! => {"changed": false, "msg": ["[Errno None] Unable to connect to port 22 on 192.168.99.1"]}
2026-09-24 00:56:18,582 p=1050 u=www-data n=ansible INFO| ...ignoring
2026-09-24 00:56:18,605 p=1050 u=www-data n=ansible INFO| TASK [Obtener Datos de Seguridad] **********************************************
2026-09-24 00:56:26,942 p=1050 u=www-data n=ansible ERROR| [ERROR]: Task failed: Action failed: [Errno None] Unable to connect to port 22 on 192.168.99.3
Origin: /var/www/html/documentador-red/automation/ansible_project/playbooks/network_info.yml:40:7

38     # 2. AUDITORÍA DE SEGURIDAD (Comandos Raw)
39     # =========================================================
40     - name: Obtener Datos de Seguridad
         ^ column 7


2026-09-24 00:56:26,947 p=1050 u=www-data n=ansible INFO| fatal: [SW_1]: FAILED! => {"changed": false, "msg": "[Errno None] Unable to connect to port 22 on 192.168.99.3"}
2026-09-24 00:56:26,948 p=1050 u=www-data n=ansible INFO| ...ignoring
2026-09-24 00:56:26,959 p=1050 u=www-data n=ansible ERROR| [ERROR]: Task failed: Action failed: [Errno None] Unable to connect to port 22 on 192.168.99.1
Origin: /var/www/html/documentador-red/automation/ansible_project/playbooks/network_info.yml:40:7

38     # 2. AUDITORÍA DE SEGURIDAD (Comandos Raw)
39     # =========================================================
40     - name: Obtener Datos de Seguridad
         ^ column 7


2026-09-24 00:56:26,959 p=1050 u=www-data n=ansible INFO| fatal: [R1-TEST]: FAILED! => {"changed": false, "msg": "[Errno None] Unable to connect to port 22 on 192.168.99.1"}
2026-09-24 00:56:26,960 p=1050 u=www-data n=ansible INFO| ...ignoring
2026-09-24 00:56:26,967 p=1050 u=www-data n=ansible ERROR| [ERROR]: Task failed: Action failed: [Errno None] Unable to connect to port 22 on 192.168.99.2
Origin: /var/www/html/documentador-red/automation/ansible_project/playbooks/network_info.yml:40:7

38     # 2. AUDITORÍA DE SEGURIDAD (Comandos Raw)
39     # =========================================================
40     - name: Obtener Datos de Seguridad
         ^ column 7


2026-09-24 00:56:26,968 p=1050 u=www-data n=ansible INFO| fatal: [SW_CORE]: FAILED! => {"changed": false, "msg": "[Errno None] Unable to connect to port 22 on 192.168.99.2"}
2026-09-24 00:56:26,968 p=1050 u=www-data n=ansible INFO| ...ignoring
2026-09-24 00:56:26,969 p=1050 u=www-data n=ansible ERROR| [ERROR]: Task failed: Action failed: [Errno None] Unable to connect to port 22 on 192.168.99.4
Origin: /var/www/html/documentador-red/automation/ansible_project/playbooks/network_info.yml:40:7

38     # 2. AUDITORÍA DE SEGURIDAD (Comandos Raw)
39     # =========================================================
40     - name: Obtener Datos de Seguridad
         ^ column 7


2026-09-24 00:56:26,970 p=1050 u=www-data n=ansible INFO| fatal: [SW_2]: FAILED! => {"changed": false, "msg": "[Errno None] Unable to connect to port 22 on 192.168.99.4"}
2026-09-24 00:56:26,970 p=1050 u=www-data n=ansible INFO| ...ignoring
2026-09-24 00:56:26,976 p=1050 u=www-data n=ansible INFO| TASK [Estructurar Variables de Seguridad] **************************************
2026-09-24 00:56:27,077 p=1050 u=www-data n=ansible INFO| skipping: [SW_CORE]
2026-09-24 00:56:27,090 p=1050 u=www-data n=ansible INFO| skipping: [SW_1]
2026-09-24 00:56:27,118 p=1050 u=www-data n=ansible INFO| skipping: [SW_2]
2026-09-24 00:56:27,140 p=1050 u=www-data n=ansible INFO| skipping: [R1-TEST]
2026-09-24 00:56:27,147 p=1050 u=www-data n=ansible INFO| TASK [Inyectar Puertos de Switches a MySQL] ************************************
2026-09-24 00:56:27,245 p=1050 u=www-data n=ansible INFO| skipping: [SW_CORE]
2026-09-24 00:56:27,289 p=1050 u=www-data n=ansible INFO| skipping: [SW_1]
2026-09-24 00:56:27,311 p=1050 u=www-data n=ansible INFO| skipping: [SW_2]
2026-09-24 00:56:27,334 p=1050 u=www-data n=ansible INFO| skipping: [R1-TEST]
2026-09-24 00:56:27,340 p=1050 u=www-data n=ansible INFO| TASK [Inyectar Puertos de Routers a MySQL] *************************************
2026-09-24 00:56:27,447 p=1050 u=www-data n=ansible INFO| skipping: [SW_CORE]
2026-09-24 00:56:27,453 p=1050 u=www-data n=ansible INFO| skipping: [SW_1]
2026-09-24 00:56:27,454 p=1050 u=www-data n=ansible INFO| skipping: [SW_2]
2026-09-24 00:56:27,499 p=1050 u=www-data n=ansible INFO| skipping: [R1-TEST]
2026-09-24 00:56:27,505 p=1050 u=www-data n=ansible INFO| TASK [Inyectar Tabla de Enrutamiento a MySQL] **********************************
2026-09-24 00:56:27,604 p=1050 u=www-data n=ansible INFO| skipping: [SW_CORE]
2026-09-24 00:56:27,627 p=1050 u=www-data n=ansible INFO| skipping: [SW_1]
2026-09-24 00:56:27,641 p=1050 u=www-data n=ansible INFO| skipping: [SW_2]
2026-09-24 00:56:27,668 p=1050 u=www-data n=ansible INFO| skipping: [R1-TEST]
2026-09-24 00:56:27,674 p=1050 u=www-data n=ansible INFO| TASK [Inyectar Auditoría de Seguridad a MySQL] *********************************
2026-09-24 00:56:27,772 p=1050 u=www-data n=ansible INFO| skipping: [SW_CORE]
2026-09-24 00:56:27,797 p=1050 u=www-data n=ansible INFO| skipping: [SW_1]
2026-09-24 00:56:27,810 p=1050 u=www-data n=ansible INFO| skipping: [SW_2]
2026-09-24 00:56:27,841 p=1050 u=www-data n=ansible INFO| skipping: [R1-TEST]
2026-09-24 00:56:27,847 p=1050 u=www-data n=ansible INFO| TASK [Crear directorio backup host] ********************************************
2026-09-24 00:56:30,377 p=1050 u=www-data n=ansible INFO| ok: [SW_CORE -> localhost]
2026-09-24 00:56:30,456 p=1050 u=www-data n=ansible INFO| ok: [R1-TEST -> localhost]
2026-09-24 00:56:30,512 p=1050 u=www-data n=ansible INFO| ok: [SW_1 -> localhost]
2026-09-24 00:56:30,520 p=1050 u=www-data n=ansible INFO| ok: [SW_2 -> localhost]
2026-09-24 00:56:30,527 p=1050 u=www-data n=ansible INFO| TASK [Obtener Running Config] **************************************************
2026-09-24 00:56:38,770 p=1050 u=www-data n=ansible ERROR| [ERROR]: Task failed: Action failed: [Errno None] Unable to connect to port 22 on 192.168.99.2
Origin: /var/www/html/documentador-red/automation/ansible_project/playbooks/network_info.yml:108:7

106         ansible_become: false
107
108     - name: Obtener Running Config
          ^ column 7


2026-09-24 00:56:38,771 p=1050 u=www-data n=ansible INFO| fatal: [SW_CORE]: FAILED! => {"changed": false, "msg": "[Errno None] Unable to connect to port 22 on 192.168.99.2"}
2026-09-24 00:56:38,772 p=1050 u=www-data n=ansible INFO| ...ignoring
2026-09-24 00:56:38,794 p=1050 u=www-data n=ansible ERROR| [ERROR]: Task failed: Action failed: [Errno None] Unable to connect to port 22 on 192.168.99.1
Origin: /var/www/html/documentador-red/automation/ansible_project/playbooks/network_info.yml:108:7

106         ansible_become: false
107
108     - name: Obtener Running Config
          ^ column 7


2026-09-24 00:56:38,796 p=1050 u=www-data n=ansible INFO| fatal: [R1-TEST]: FAILED! => {"changed": false, "msg": "[Errno None] Unable to connect to port 22 on 192.168.99.1"}
2026-09-24 00:56:38,796 p=1050 u=www-data n=ansible INFO| ...ignoring
2026-09-24 00:56:38,800 p=1050 u=www-data n=ansible ERROR| [ERROR]: Task failed: Action failed: [Errno None] Unable to connect to port 22 on 192.168.99.4
Origin: /var/www/html/documentador-red/automation/ansible_project/playbooks/network_info.yml:108:7

106         ansible_become: false
107
108     - name: Obtener Running Config
          ^ column 7


2026-09-24 00:56:38,804 p=1050 u=www-data n=ansible INFO| fatal: [SW_2]: FAILED! => {"changed": false, "msg": "[Errno None] Unable to connect to port 22 on 192.168.99.4"}
2026-09-24 00:56:38,804 p=1050 u=www-data n=ansible INFO| ...ignoring
2026-09-24 00:56:38,805 p=1050 u=www-data n=ansible ERROR| [ERROR]: Task failed: Action failed: [Errno None] Unable to connect to port 22 on 192.168.99.3
Origin: /var/www/html/documentador-red/automation/ansible_project/playbooks/network_info.yml:108:7

106         ansible_become: false
107
108     - name: Obtener Running Config
          ^ column 7


2026-09-24 00:56:38,806 p=1050 u=www-data n=ansible INFO| fatal: [SW_1]: FAILED! => {"changed": false, "msg": "[Errno None] Unable to connect to port 22 on 192.168.99.3"}
2026-09-24 00:56:38,806 p=1050 u=www-data n=ansible INFO| ...ignoring
2026-09-24 00:56:38,817 p=1050 u=www-data n=ansible INFO| TASK [Guardar Archivo de Backup] ***********************************************
2026-09-24 00:56:38,914 p=1050 u=www-data n=ansible INFO| skipping: [SW_CORE]
2026-09-24 00:56:38,941 p=1050 u=www-data n=ansible INFO| skipping: [SW_1]
2026-09-24 00:56:38,953 p=1050 u=www-data n=ansible INFO| skipping: [SW_2]
2026-09-24 00:56:38,982 p=1050 u=www-data n=ansible INFO| skipping: [R1-TEST]
2026-09-24 00:56:38,993 p=1050 u=www-data n=ansible INFO| PLAY RECAP *********************************************************************
2026-09-24 00:56:38,993 p=1050 u=www-data n=ansible INFO| R1-TEST                    : ok=5    changed=0    unreachable=0    failed=0    skipped=7    rescued=0    ignored=4   
2026-09-24 00:56:38,994 p=1050 u=www-data n=ansible INFO| SW_1                       : ok=5    changed=0    unreachable=0    failed=0    skipped=7    rescued=0    ignored=4   
2026-09-24 00:56:38,994 p=1050 u=www-data n=ansible INFO| SW_2                       : ok=5    changed=0    unreachable=0    failed=0    skipped=7    rescued=0    ignored=4   
2026-09-24 00:56:38,994 p=1050 u=www-data n=ansible INFO| SW_CORE                    : ok=5    changed=0    unreachable=0    failed=0    skipped=7    rescued=0    ignored=4   
2026-09-24 00:56:39,089 p=1068 u=www-data n=ansible INFO| shutdown complete
2026-09-24 00:56:39,091 p=1083 u=www-data n=ansible INFO| shutdown complete
2026-09-24 00:56:39,095 p=1074 u=www-data n=ansible INFO| shutdown complete
2026-09-24 00:56:39,097 p=1071 u=www-data n=ansible INFO| shutdown complete
2026-09-24 00:57:25,847 p=1225 u=www-data n=ansible INFO| PLAY [Auditoría Estructural de Red y Respaldos (Sin CSVs)] *********************
2026-09-24 00:57:25,880 p=1225 u=www-data n=ansible INFO| TASK [Obtener Interfaces Switches (Estado y VLANs)] ****************************
2026-09-24 00:57:26,059 p=1225 u=www-data n=ansible INFO| skipping: [R1-TEST]
2026-09-24 00:57:30,545 p=1225 u=www-data n=ansible INFO| network_os is set to cisco.ios.ios
2026-09-24 00:57:30,588 p=1225 u=www-data n=ansible INFO| network_os is set to cisco.ios.ios
2026-09-24 00:57:30,629 p=1249 u=www-data n=p=1249 u=www-data | paramiko [192.168.99.3] INFO| Connected (version 2.0, client Cisco-1.25)
2026-09-24 00:57:30,656 p=1225 u=www-data n=ansible INFO| network_os is set to cisco.ios.ios
2026-09-24 00:57:30,659 p=1243 u=www-data n=p=1243 u=www-data | paramiko [192.168.99.4] INFO| Connected (version 1.99, client Cisco-1.25)
2026-09-24 00:57:30,719 p=1246 u=www-data n=p=1246 u=www-data | paramiko [192.168.99.2] INFO| Connected (version 2.0, client Cisco-1.25)
2026-09-24 00:57:31,117 p=1249 u=www-data n=p=1249 u=www-data | paramiko [192.168.99.3] INFO| Authentication (password) successful!
2026-09-24 00:57:31,172 p=1243 u=www-data n=p=1243 u=www-data | paramiko [192.168.99.4] INFO| Authentication (password) successful!
2026-09-24 00:57:31,219 p=1246 u=www-data n=p=1246 u=www-data | paramiko [192.168.99.2] INFO| Authentication (password) successful!
2026-09-24 00:57:33,169 p=1225 u=www-data n=ansible INFO| ok: [SW_CORE]
2026-09-24 00:57:33,234 p=1225 u=www-data n=ansible INFO| ok: [SW_1]
2026-09-24 00:57:33,349 p=1225 u=www-data n=ansible INFO| ok: [SW_2]
2026-09-24 00:57:33,354 p=1225 u=www-data n=ansible INFO| TASK [Obtener Interfaces Routers (Capa 3)] *************************************
2026-09-24 00:57:33,419 p=1225 u=www-data n=ansible INFO| skipping: [SW_CORE]
2026-09-24 00:57:33,453 p=1225 u=www-data n=ansible INFO| skipping: [SW_1]
2026-09-24 00:57:33,472 p=1225 u=www-data n=ansible INFO| skipping: [SW_2]
2026-09-24 00:57:36,148 p=1225 u=www-data n=ansible INFO| network_os is set to cisco.ios.ios
2026-09-24 00:57:36,184 p=1264 u=www-data n=p=1264 u=www-data | paramiko [192.168.99.1] INFO| Connected (version 2.0, client Cisco-1.25)
2026-09-24 00:57:36,724 p=1264 u=www-data n=p=1264 u=www-data | paramiko [192.168.99.1] INFO| Authentication (password) successful!
2026-09-24 00:57:38,401 p=1225 u=www-data n=ansible INFO| ok: [R1-TEST]
2026-09-24 00:57:38,407 p=1225 u=www-data n=ansible INFO| TASK [Obtener Rutas L3] ********************************************************
2026-09-24 00:57:44,818 p=1225 u=www-data n=ansible INFO| ok: [R1-TEST]
2026-09-24 00:57:45,173 p=1225 u=www-data n=ansible INFO| ok: [SW_1]
2026-09-24 00:57:45,313 p=1225 u=www-data n=ansible INFO| ok: [SW_2]
2026-09-24 00:57:45,321 p=1225 u=www-data n=ansible INFO| ok: [SW_CORE]
2026-09-24 00:57:45,344 p=1225 u=www-data n=ansible INFO| TASK [Obtener Datos de Seguridad] **********************************************
2026-09-24 00:57:51,339 p=1225 u=www-data n=ansible INFO| ok: [R1-TEST]
2026-09-24 00:57:51,676 p=1225 u=www-data n=ansible INFO| ok: [SW_2]
2026-09-24 00:57:51,720 p=1225 u=www-data n=ansible INFO| ok: [SW_CORE]
2026-09-24 00:57:51,941 p=1225 u=www-data n=ansible INFO| ok: [SW_1]
2026-09-24 00:57:51,948 p=1225 u=www-data n=ansible INFO| TASK [Estructurar Variables de Seguridad] **************************************
2026-09-24 00:57:53,127 p=1225 u=www-data n=ansible INFO| ok: [SW_1]
2026-09-24 00:57:53,158 p=1225 u=www-data n=ansible INFO| ok: [SW_2]
2026-09-24 00:57:53,159 p=1225 u=www-data n=ansible INFO| ok: [R1-TEST]
2026-09-24 00:57:53,179 p=1225 u=www-data n=ansible INFO| ok: [SW_CORE]
2026-09-24 00:57:53,186 p=1225 u=www-data n=ansible INFO| TASK [Inyectar Puertos de Switches a MySQL] ************************************
2026-09-24 00:57:53,388 p=1225 u=www-data n=ansible INFO| skipping: [R1-TEST]
2026-09-24 00:57:56,275 p=1225 u=www-data n=ansible INFO| changed: [SW_1 -> localhost]
2026-09-24 00:57:56,461 p=1225 u=www-data n=ansible INFO| changed: [SW_CORE -> localhost]
2026-09-24 00:57:56,482 p=1225 u=www-data n=ansible INFO| changed: [SW_2 -> localhost]
2026-09-24 00:57:56,489 p=1225 u=www-data n=ansible INFO| TASK [Inyectar Puertos de Routers a MySQL] *************************************
2026-09-24 00:57:56,605 p=1225 u=www-data n=ansible INFO| skipping: [SW_CORE]
2026-09-24 00:57:56,609 p=1225 u=www-data n=ansible INFO| skipping: [SW_1]
2026-09-24 00:57:56,617 p=1225 u=www-data n=ansible INFO| skipping: [SW_2]
2026-09-24 00:57:58,135 p=1225 u=www-data n=ansible INFO| changed: [R1-TEST -> localhost]
2026-09-24 00:57:58,141 p=1225 u=www-data n=ansible INFO| TASK [Inyectar Tabla de Enrutamiento a MySQL] **********************************
2026-09-24 00:58:01,298 p=1225 u=www-data n=ansible INFO| changed: [SW_1 -> localhost]
2026-09-24 00:58:01,341 p=1225 u=www-data n=ansible INFO| changed: [SW_CORE -> localhost]
2026-09-24 00:58:01,431 p=1225 u=www-data n=ansible INFO| changed: [SW_2 -> localhost]
2026-09-24 00:58:01,626 p=1225 u=www-data n=ansible INFO| changed: [R1-TEST -> localhost]
2026-09-24 00:58:01,632 p=1225 u=www-data n=ansible INFO| TASK [Inyectar Auditoría de Seguridad a MySQL] *********************************
2026-09-24 00:58:04,854 p=1225 u=www-data n=ansible INFO| changed: [SW_1 -> localhost]
2026-09-24 00:58:04,899 p=1225 u=www-data n=ansible INFO| changed: [SW_CORE -> localhost]
2026-09-24 00:58:04,953 p=1225 u=www-data n=ansible INFO| changed: [SW_2 -> localhost]
2026-09-24 00:58:04,995 p=1225 u=www-data n=ansible INFO| changed: [R1-TEST -> localhost]
2026-09-24 00:58:05,001 p=1225 u=www-data n=ansible INFO| TASK [Crear directorio backup host] ********************************************
2026-09-24 00:58:07,654 p=1225 u=www-data n=ansible INFO| ok: [SW_2 -> localhost]
2026-09-24 00:58:07,699 p=1225 u=www-data n=ansible INFO| ok: [R1-TEST -> localhost]
2026-09-24 00:58:07,731 p=1225 u=www-data n=ansible INFO| ok: [SW_1 -> localhost]
2026-09-24 00:58:07,744 p=1225 u=www-data n=ansible INFO| ok: [SW_CORE -> localhost]
2026-09-24 00:58:07,750 p=1225 u=www-data n=ansible INFO| TASK [Obtener Running Config] **************************************************
2026-09-24 00:58:13,392 p=1225 u=www-data n=ansible INFO| ok: [SW_CORE]
2026-09-24 00:58:13,398 p=1225 u=www-data n=ansible INFO| ok: [SW_1]
2026-09-24 00:58:13,410 p=1225 u=www-data n=ansible INFO| ok: [R1-TEST]
2026-09-24 00:58:13,464 p=1225 u=www-data n=ansible INFO| ok: [SW_2]
2026-09-24 00:58:13,511 p=1225 u=www-data n=ansible INFO| TASK [Guardar Archivo de Backup] ***********************************************
2026-09-24 00:58:18,357 p=1225 u=www-data n=ansible INFO| ok: [SW_2 -> localhost]
2026-09-24 00:58:18,479 p=1225 u=www-data n=ansible INFO| ok: [SW_1 -> localhost]
2026-09-24 00:58:18,625 p=1225 u=www-data n=ansible INFO| ok: [SW_CORE -> localhost]
2026-09-24 00:58:18,993 p=1225 u=www-data n=ansible INFO| changed: [R1-TEST -> localhost]
2026-09-24 00:58:19,008 p=1225 u=www-data n=ansible INFO| PLAY RECAP *********************************************************************
2026-09-24 00:58:19,009 p=1225 u=www-data n=ansible INFO| R1-TEST                    : ok=10   changed=4    unreachable=0    failed=0    skipped=2    rescued=0    ignored=0   
2026-09-24 00:58:19,009 p=1225 u=www-data n=ansible INFO| SW_1                       : ok=10   changed=3    unreachable=0    failed=0    skipped=2    rescued=0    ignored=0   
2026-09-24 00:58:19,009 p=1225 u=www-data n=ansible INFO| SW_2                       : ok=10   changed=3    unreachable=0    failed=0    skipped=2    rescued=0    ignored=0   
2026-09-24 00:58:19,009 p=1225 u=www-data n=ansible INFO| SW_CORE                    : ok=10   changed=3    unreachable=0    failed=0    skipped=2    rescued=0    ignored=0   
2026-09-24 00:58:19,101 p=1264 u=www-data n=ansible INFO| shutdown complete
2026-09-24 00:58:19,105 p=1243 u=www-data n=ansible INFO| shutdown complete
2026-09-24 00:58:19,108 p=1249 u=www-data n=ansible INFO| shutdown complete
2026-09-24 00:58:19,106 p=1246 u=www-data n=ansible INFO| shutdown complete
2026-09-24 01:18:51,429 p=1779 u=www-data n=ansible INFO| PLAY [Auditoría Estructural de Red y Respaldos (Sin CSVs)] *********************
2026-09-24 01:18:51,462 p=1779 u=www-data n=ansible INFO| TASK [Obtener Interfaces Switches (Estado y VLANs)] ****************************
2026-09-24 01:18:51,641 p=1779 u=www-data n=ansible INFO| skipping: [R1-TEST]
2026-09-24 01:18:55,949 p=1779 u=www-data n=ansible INFO| network_os is set to cisco.ios.ios
2026-09-24 01:18:56,185 p=1779 u=www-data n=ansible INFO| network_os is set to cisco.ios.ios
2026-09-24 01:18:56,231 p=1779 u=www-data n=ansible INFO| network_os is set to cisco.ios.ios
2026-09-24 01:19:06,013 p=1779 u=www-data n=ansible ERROR| [ERROR]: Task failed: Action failed: ['timed out']
Origin: /var/www/html/documentador-red/automation/ansible_project/playbooks/network_info.yml:11:7

 9     # 1. PARSEOS TEXTFSM (Obtención de Datos Estructurados)
10     # =========================================================
11     - name: Obtener Interfaces Switches (Estado y VLANs)
         ^ column 7


2026-09-24 01:19:06,015 p=1779 u=www-data n=ansible INFO| fatal: [SW_1]: FAILED! => {"changed": false, "msg": ["timed out"]}
2026-09-24 01:19:06,015 p=1779 u=www-data n=ansible INFO| ...ignoring
2026-09-24 01:19:06,232 p=1779 u=www-data n=ansible INFO| fatal: [SW_CORE]: FAILED! => {"changed": false, "msg": ["timed out"]}
2026-09-24 01:19:06,232 p=1779 u=www-data n=ansible INFO| ...ignoring
2026-09-24 01:19:06,286 p=1779 u=www-data n=ansible INFO| fatal: [SW_2]: FAILED! => {"changed": false, "msg": ["timed out"]}
2026-09-24 01:19:06,286 p=1779 u=www-data n=ansible INFO| ...ignoring
2026-09-24 01:19:06,291 p=1779 u=www-data n=ansible INFO| TASK [Obtener Interfaces Routers (Capa 3)] *************************************
2026-09-24 01:19:06,400 p=1779 u=www-data n=ansible INFO| skipping: [SW_CORE]
2026-09-24 01:19:06,406 p=1779 u=www-data n=ansible INFO| skipping: [SW_1]
2026-09-24 01:19:06,406 p=1779 u=www-data n=ansible INFO| skipping: [SW_2]
2026-09-24 01:19:09,071 p=1779 u=www-data n=ansible INFO| network_os is set to cisco.ios.ios
2026-09-24 01:19:12,224 p=1779 u=www-data n=ansible ERROR| [ERROR]: Task failed: Action failed: ['[Errno None] Unable to connect to port 22 on 192.168.99.1']
Origin: /var/www/html/documentador-red/automation/ansible_project/playbooks/network_info.yml:20:7

18       ignore_errors: yes
19
20     - name: Obtener Interfaces Routers (Capa 3)
         ^ column 7


2026-09-24 01:19:12,225 p=1779 u=www-data n=ansible INFO| fatal: [R1-TEST]: FAILED! => {"changed": false, "msg": ["[Errno None] Unable to connect to port 22 on 192.168.99.1"]}
2026-09-24 01:19:12,226 p=1779 u=www-data n=ansible INFO| ...ignoring
2026-09-24 01:19:12,231 p=1779 u=www-data n=ansible INFO| TASK [Obtener Rutas L3] ********************************************************
2026-09-24 01:19:20,534 p=1779 u=www-data n=ansible ERROR| [ERROR]: Task failed: Action failed: ['[Errno None] Unable to connect to port 22 on 192.168.99.2']
Origin: /var/www/html/documentador-red/automation/ansible_project/playbooks/network_info.yml:29:7

27       ignore_errors: yes
28
29     - name: Obtener Rutas L3
         ^ column 7


2026-09-24 01:19:20,542 p=1779 u=www-data n=ansible INFO| fatal: [SW_CORE]: FAILED! => {"changed": false, "msg": ["[Errno None] Unable to connect to port 22 on 192.168.99.2"]}
2026-09-24 01:19:20,543 p=1779 u=www-data n=ansible INFO| ...ignoring
2026-09-24 01:19:20,544 p=1779 u=www-data n=ansible ERROR| [ERROR]: Task failed: Action failed: ['[Errno None] Unable to connect to port 22 on 192.168.99.1']
Origin: /var/www/html/documentador-red/automation/ansible_project/playbooks/network_info.yml:29:7

27       ignore_errors: yes
28
29     - name: Obtener Rutas L3
         ^ column 7


2026-09-24 01:19:20,545 p=1779 u=www-data n=ansible INFO| fatal: [R1-TEST]: FAILED! => {"changed": false, "msg": ["[Errno None] Unable to connect to port 22 on 192.168.99.1"]}
2026-09-24 01:19:20,545 p=1779 u=www-data n=ansible INFO| ...ignoring
2026-09-24 01:19:20,546 p=1779 u=www-data n=ansible ERROR| [ERROR]: Task failed: Action failed: ['[Errno None] Unable to connect to port 22 on 192.168.99.3']
Origin: /var/www/html/documentador-red/automation/ansible_project/playbooks/network_info.yml:29:7

27       ignore_errors: yes
28
29     - name: Obtener Rutas L3
         ^ column 7


2026-09-24 01:19:20,546 p=1779 u=www-data n=ansible INFO| fatal: [SW_1]: FAILED! => {"changed": false, "msg": ["[Errno None] Unable to connect to port 22 on 192.168.99.3"]}
2026-09-24 01:19:20,547 p=1779 u=www-data n=ansible INFO| ...ignoring
2026-09-24 01:19:20,547 p=1779 u=www-data n=ansible ERROR| [ERROR]: Task failed: Action failed: ['[Errno None] Unable to connect to port 22 on 192.168.99.4']
Origin: /var/www/html/documentador-red/automation/ansible_project/playbooks/network_info.yml:29:7

27       ignore_errors: yes
28
29     - name: Obtener Rutas L3
         ^ column 7


2026-09-24 01:19:20,548 p=1779 u=www-data n=ansible INFO| fatal: [SW_2]: FAILED! => {"changed": false, "msg": ["[Errno None] Unable to connect to port 22 on 192.168.99.4"]}
2026-09-24 01:19:20,548 p=1779 u=www-data n=ansible INFO| ...ignoring
2026-09-24 01:19:20,569 p=1779 u=www-data n=ansible INFO| TASK [Obtener Datos de Seguridad] **********************************************
2026-09-24 01:19:28,828 p=1779 u=www-data n=ansible ERROR| [ERROR]: Task failed: Action failed: [Errno None] Unable to connect to port 22 on 192.168.99.4
Origin: /var/www/html/documentador-red/automation/ansible_project/playbooks/network_info.yml:40:7

38     # 2. AUDITORÍA DE SEGURIDAD (Comandos Raw)
39     # =========================================================
40     - name: Obtener Datos de Seguridad
         ^ column 7


2026-09-24 01:19:28,833 p=1779 u=www-data n=ansible INFO| fatal: [SW_2]: FAILED! => {"changed": false, "msg": "[Errno None] Unable to connect to port 22 on 192.168.99.4"}
2026-09-24 01:19:28,833 p=1779 u=www-data n=ansible INFO| ...ignoring
2026-09-24 01:19:28,837 p=1779 u=www-data n=ansible ERROR| [ERROR]: Task failed: Action failed: [Errno None] Unable to connect to port 22 on 192.168.99.1
Origin: /var/www/html/documentador-red/automation/ansible_project/playbooks/network_info.yml:40:7

38     # 2. AUDITORÍA DE SEGURIDAD (Comandos Raw)
39     # =========================================================
40     - name: Obtener Datos de Seguridad
         ^ column 7


2026-09-24 01:19:28,838 p=1779 u=www-data n=ansible INFO| fatal: [R1-TEST]: FAILED! => {"changed": false, "msg": "[Errno None] Unable to connect to port 22 on 192.168.99.1"}
2026-09-24 01:19:28,838 p=1779 u=www-data n=ansible INFO| ...ignoring
2026-09-24 01:19:28,846 p=1779 u=www-data n=ansible ERROR| [ERROR]: Task failed: Action failed: [Errno None] Unable to connect to port 22 on 192.168.99.2
Origin: /var/www/html/documentador-red/automation/ansible_project/playbooks/network_info.yml:40:7

38     # 2. AUDITORÍA DE SEGURIDAD (Comandos Raw)
39     # =========================================================
40     - name: Obtener Datos de Seguridad
         ^ column 7


2026-09-24 01:19:28,849 p=1779 u=www-data n=ansible INFO| fatal: [SW_CORE]: FAILED! => {"changed": false, "msg": "[Errno None] Unable to connect to port 22 on 192.168.99.2"}
2026-09-24 01:19:28,849 p=1779 u=www-data n=ansible INFO| ...ignoring
2026-09-24 01:19:28,850 p=1779 u=www-data n=ansible ERROR| [ERROR]: Task failed: Action failed: [Errno None] Unable to connect to port 22 on 192.168.99.3
Origin: /var/www/html/documentador-red/automation/ansible_project/playbooks/network_info.yml:40:7

38     # 2. AUDITORÍA DE SEGURIDAD (Comandos Raw)
39     # =========================================================
40     - name: Obtener Datos de Seguridad
         ^ column 7


2026-09-24 01:19:28,851 p=1779 u=www-data n=ansible INFO| fatal: [SW_1]: FAILED! => {"changed": false, "msg": "[Errno None] Unable to connect to port 22 on 192.168.99.3"}
2026-09-24 01:19:28,851 p=1779 u=www-data n=ansible INFO| ...ignoring
2026-09-24 01:19:28,857 p=1779 u=www-data n=ansible INFO| TASK [Estructurar Variables de Seguridad] **************************************
2026-09-24 01:19:28,967 p=1779 u=www-data n=ansible INFO| skipping: [SW_CORE]
2026-09-24 01:19:28,987 p=1779 u=www-data n=ansible INFO| skipping: [SW_1]
2026-09-24 01:19:29,039 p=1779 u=www-data n=ansible INFO| skipping: [SW_2]
2026-09-24 01:19:29,050 p=1779 u=www-data n=ansible INFO| skipping: [R1-TEST]
2026-09-24 01:19:29,059 p=1779 u=www-data n=ansible INFO| TASK [Inyectar Puertos de Switches a MySQL] ************************************
2026-09-24 01:19:29,157 p=1779 u=www-data n=ansible INFO| skipping: [SW_CORE]
2026-09-24 01:19:29,185 p=1779 u=www-data n=ansible INFO| skipping: [SW_1]
2026-09-24 01:19:29,206 p=1779 u=www-data n=ansible INFO| skipping: [SW_2]
2026-09-24 01:19:29,216 p=1779 u=www-data n=ansible INFO| skipping: [R1-TEST]
2026-09-24 01:19:29,221 p=1779 u=www-data n=ansible INFO| TASK [Inyectar Puertos de Routers a MySQL] *************************************
2026-09-24 01:19:29,320 p=1779 u=www-data n=ansible INFO| skipping: [SW_CORE]
2026-09-24 01:19:29,323 p=1779 u=www-data n=ansible INFO| skipping: [SW_1]
2026-09-24 01:19:29,337 p=1779 u=www-data n=ansible INFO| skipping: [SW_2]
2026-09-24 01:19:29,369 p=1779 u=www-data n=ansible INFO| skipping: [R1-TEST]
2026-09-24 01:19:29,375 p=1779 u=www-data n=ansible INFO| TASK [Inyectar Tabla de Enrutamiento a MySQL] **********************************
2026-09-24 01:19:29,473 p=1779 u=www-data n=ansible INFO| skipping: [SW_CORE]
2026-09-24 01:19:29,495 p=1779 u=www-data n=ansible INFO| skipping: [SW_1]
2026-09-24 01:19:29,512 p=1779 u=www-data n=ansible INFO| skipping: [SW_2]
2026-09-24 01:19:29,541 p=1779 u=www-data n=ansible INFO| skipping: [R1-TEST]
2026-09-24 01:19:29,547 p=1779 u=www-data n=ansible INFO| TASK [Inyectar Auditoría de Seguridad a MySQL] *********************************
2026-09-24 01:19:29,644 p=1779 u=www-data n=ansible INFO| skipping: [SW_CORE]
2026-09-24 01:19:29,669 p=1779 u=www-data n=ansible INFO| skipping: [SW_1]
2026-09-24 01:19:29,683 p=1779 u=www-data n=ansible INFO| skipping: [SW_2]
2026-09-24 01:19:29,708 p=1779 u=www-data n=ansible INFO| skipping: [R1-TEST]
2026-09-24 01:19:29,714 p=1779 u=www-data n=ansible INFO| TASK [Crear directorio backup host] ********************************************
2026-09-24 01:19:32,360 p=1779 u=www-data n=ansible INFO| ok: [SW_2 -> localhost]
2026-09-24 01:19:32,361 p=1779 u=www-data n=ansible INFO| ok: [SW_CORE -> localhost]
2026-09-24 01:19:32,443 p=1779 u=www-data n=ansible INFO| ok: [SW_1 -> localhost]
2026-09-24 01:19:32,455 p=1779 u=www-data n=ansible INFO| ok: [R1-TEST -> localhost]
2026-09-24 01:19:32,461 p=1779 u=www-data n=ansible INFO| TASK [Obtener Running Config] **************************************************
2026-09-24 01:19:40,535 p=1779 u=www-data n=ansible ERROR| [ERROR]: Task failed: Action failed: [Errno None] Unable to connect to port 22 on 192.168.99.3
Origin: /var/www/html/documentador-red/automation/ansible_project/playbooks/network_info.yml:108:7

106         ansible_become: false
107
108     - name: Obtener Running Config
          ^ column 7


2026-09-24 01:19:40,539 p=1779 u=www-data n=ansible INFO| fatal: [SW_1]: FAILED! => {"changed": false, "msg": "[Errno None] Unable to connect to port 22 on 192.168.99.3"}
2026-09-24 01:19:40,539 p=1779 u=www-data n=ansible INFO| ...ignoring
2026-09-24 01:19:40,550 p=1779 u=www-data n=ansible ERROR| [ERROR]: Task failed: Action failed: [Errno None] Unable to connect to port 22 on 192.168.99.1
Origin: /var/www/html/documentador-red/automation/ansible_project/playbooks/network_info.yml:108:7

106         ansible_become: false
107
108     - name: Obtener Running Config
          ^ column 7


2026-09-24 01:19:40,550 p=1779 u=www-data n=ansible INFO| fatal: [R1-TEST]: FAILED! => {"changed": false, "msg": "[Errno None] Unable to connect to port 22 on 192.168.99.1"}
2026-09-24 01:19:40,551 p=1779 u=www-data n=ansible INFO| ...ignoring
2026-09-24 01:19:40,560 p=1779 u=www-data n=ansible ERROR| [ERROR]: Task failed: Action failed: [Errno None] Unable to connect to port 22 on 192.168.99.2
Origin: /var/www/html/documentador-red/automation/ansible_project/playbooks/network_info.yml:108:7

106         ansible_become: false
107
108     - name: Obtener Running Config
          ^ column 7


2026-09-24 01:19:40,560 p=1779 u=www-data n=ansible INFO| fatal: [SW_CORE]: FAILED! => {"changed": false, "msg": "[Errno None] Unable to connect to port 22 on 192.168.99.2"}
2026-09-24 01:19:40,561 p=1779 u=www-data n=ansible INFO| ...ignoring
2026-09-24 01:19:40,566 p=1779 u=www-data n=ansible ERROR| [ERROR]: Task failed: Action failed: [Errno None] Unable to connect to port 22 on 192.168.99.4
Origin: /var/www/html/documentador-red/automation/ansible_project/playbooks/network_info.yml:108:7

106         ansible_become: false
107
108     - name: Obtener Running Config
          ^ column 7


2026-09-24 01:19:40,566 p=1779 u=www-data n=ansible INFO| fatal: [SW_2]: FAILED! => {"changed": false, "msg": "[Errno None] Unable to connect to port 22 on 192.168.99.4"}
2026-09-24 01:19:40,567 p=1779 u=www-data n=ansible INFO| ...ignoring
2026-09-24 01:19:40,598 p=1779 u=www-data n=ansible INFO| TASK [Guardar Archivo de Backup] ***********************************************
2026-09-24 01:19:40,695 p=1779 u=www-data n=ansible INFO| skipping: [SW_CORE]
2026-09-24 01:19:40,721 p=1779 u=www-data n=ansible INFO| skipping: [SW_1]
2026-09-24 01:19:40,740 p=1779 u=www-data n=ansible INFO| skipping: [SW_2]
2026-09-24 01:19:40,761 p=1779 u=www-data n=ansible INFO| skipping: [R1-TEST]
2026-09-24 01:19:40,772 p=1779 u=www-data n=ansible INFO| PLAY RECAP *********************************************************************
2026-09-24 01:19:40,772 p=1779 u=www-data n=ansible INFO| R1-TEST                    : ok=5    changed=0    unreachable=0    failed=0    skipped=7    rescued=0    ignored=4   
2026-09-24 01:19:40,773 p=1779 u=www-data n=ansible INFO| SW_1                       : ok=5    changed=0    unreachable=0    failed=0    skipped=7    rescued=0    ignored=4   
2026-09-24 01:19:40,773 p=1779 u=www-data n=ansible INFO| SW_2                       : ok=5    changed=0    unreachable=0    failed=0    skipped=7    rescued=0    ignored=4   
2026-09-24 01:19:40,773 p=1779 u=www-data n=ansible INFO| SW_CORE                    : ok=5    changed=0    unreachable=0    failed=0    skipped=7    rescued=0    ignored=4   
2026-09-24 01:19:40,867 p=1803 u=www-data n=ansible INFO| shutdown complete
2026-09-24 01:19:40,870 p=1800 u=www-data n=ansible INFO| shutdown complete
2026-09-24 01:19:40,869 p=1812 u=www-data n=ansible INFO| shutdown complete
2026-09-24 01:19:40,875 p=1797 u=www-data n=ansible INFO| shutdown complete
2026-09-24 01:20:07,657 p=1954 u=www-data n=ansible INFO| PLAY [Auditoría Estructural de Red y Respaldos (Sin CSVs)] *********************
2026-09-24 01:20:07,690 p=1954 u=www-data n=ansible INFO| TASK [Obtener Interfaces Switches (Estado y VLANs)] ****************************
2026-09-24 01:20:07,867 p=1954 u=www-data n=ansible INFO| skipping: [R1-TEST]
2026-09-24 01:20:12,285 p=1954 u=www-data n=ansible INFO| network_os is set to cisco.ios.ios
2026-09-24 01:20:12,286 p=1954 u=www-data n=ansible INFO| network_os is set to cisco.ios.ios
2026-09-24 01:20:12,319 p=1972 u=www-data n=p=1972 u=www-data | paramiko [192.168.99.2] INFO| Connected (version 2.0, client Cisco-1.25)
2026-09-24 01:20:12,357 p=1975 u=www-data n=p=1975 u=www-data | paramiko [192.168.99.3] INFO| Connected (version 2.0, client Cisco-1.25)
2026-09-24 01:20:12,578 p=1954 u=www-data n=ansible INFO| network_os is set to cisco.ios.ios
2026-09-24 01:20:12,646 p=1978 u=www-data n=p=1978 u=www-data | paramiko [192.168.99.4] INFO| Connected (version 1.99, client Cisco-1.25)
2026-09-24 01:20:12,862 p=1975 u=www-data n=p=1975 u=www-data | paramiko [192.168.99.3] INFO| Authentication (password) successful!
2026-09-24 01:20:13,032 p=1972 u=www-data n=p=1972 u=www-data | paramiko [192.168.99.2] INFO| Authentication (password) successful!
2026-09-24 01:20:13,142 p=1978 u=www-data n=p=1978 u=www-data | paramiko [192.168.99.4] INFO| Authentication (password) successful!
2026-09-24 01:20:14,847 p=1954 u=www-data n=ansible INFO| ok: [SW_1]
2026-09-24 01:20:14,900 p=1954 u=www-data n=ansible INFO| ok: [SW_CORE]
2026-09-24 01:20:15,280 p=1954 u=www-data n=ansible INFO| ok: [SW_2]
2026-09-24 01:20:15,286 p=1954 u=www-data n=ansible INFO| TASK [Obtener Interfaces Routers (Capa 3)] *************************************
2026-09-24 01:20:15,385 p=1954 u=www-data n=ansible INFO| skipping: [SW_CORE]
2026-09-24 01:20:15,392 p=1954 u=www-data n=ansible INFO| skipping: [SW_1]
2026-09-24 01:20:15,395 p=1954 u=www-data n=ansible INFO| skipping: [SW_2]
2026-09-24 01:20:18,072 p=1954 u=www-data n=ansible INFO| network_os is set to cisco.ios.ios
2026-09-24 01:20:18,129 p=1993 u=www-data n=p=1993 u=www-data | paramiko [192.168.99.1] INFO| Connected (version 2.0, client Cisco-1.25)
2026-09-24 01:20:18,663 p=1993 u=www-data n=p=1993 u=www-data | paramiko [192.168.99.1] INFO| Authentication (password) successful!
2026-09-24 01:20:20,316 p=1954 u=www-data n=ansible INFO| ok: [R1-TEST]
2026-09-24 01:20:20,323 p=1954 u=www-data n=ansible INFO| TASK [Obtener Rutas L3] ********************************************************
2026-09-24 01:20:26,808 p=1954 u=www-data n=ansible INFO| ok: [SW_2]
2026-09-24 01:20:26,923 p=1954 u=www-data n=ansible INFO| ok: [SW_CORE]
2026-09-24 01:20:27,131 p=1954 u=www-data n=ansible INFO| ok: [SW_1]
2026-09-24 01:20:27,274 p=1954 u=www-data n=ansible INFO| ok: [R1-TEST]
2026-09-24 01:20:27,295 p=1954 u=www-data n=ansible INFO| TASK [Obtener Datos de Seguridad] **********************************************
2026-09-24 01:20:33,281 p=1954 u=www-data n=ansible INFO| ok: [SW_CORE]
2026-09-24 01:20:33,497 p=1954 u=www-data n=ansible INFO| ok: [R1-TEST]
2026-09-24 01:20:33,653 p=1954 u=www-data n=ansible INFO| ok: [SW_2]
2026-09-24 01:20:33,687 p=1954 u=www-data n=ansible INFO| ok: [SW_1]
2026-09-24 01:20:33,701 p=1954 u=www-data n=ansible INFO| TASK [Estructurar Variables de Seguridad] **************************************
2026-09-24 01:20:34,710 p=1954 u=www-data n=ansible INFO| ok: [SW_2]
2026-09-24 01:20:34,822 p=1954 u=www-data n=ansible INFO| ok: [SW_CORE]
2026-09-24 01:20:34,890 p=1954 u=www-data n=ansible INFO| ok: [SW_1]
2026-09-24 01:20:34,925 p=1954 u=www-data n=ansible INFO| ok: [R1-TEST]
2026-09-24 01:20:34,932 p=1954 u=www-data n=ansible INFO| TASK [Inyectar Puertos de Switches a MySQL] ************************************
2026-09-24 01:20:35,129 p=1954 u=www-data n=ansible INFO| skipping: [R1-TEST]
2026-09-24 01:20:37,831 p=1954 u=www-data n=ansible INFO| changed: [SW_1 -> localhost]
2026-09-24 01:20:37,929 p=1954 u=www-data n=ansible INFO| changed: [SW_CORE -> localhost]
2026-09-24 01:20:37,934 p=1954 u=www-data n=ansible INFO| changed: [SW_2 -> localhost]
2026-09-24 01:20:37,940 p=1954 u=www-data n=ansible INFO| TASK [Inyectar Puertos de Routers a MySQL] *************************************
2026-09-24 01:20:38,063 p=1954 u=www-data n=ansible INFO| skipping: [SW_CORE]
2026-09-24 01:20:38,065 p=1954 u=www-data n=ansible INFO| skipping: [SW_1]
2026-09-24 01:20:38,089 p=1954 u=www-data n=ansible INFO| skipping: [SW_2]
2026-09-24 01:20:39,609 p=1954 u=www-data n=ansible INFO| changed: [R1-TEST -> localhost]
2026-09-24 01:20:39,615 p=1954 u=www-data n=ansible INFO| TASK [Inyectar Tabla de Enrutamiento a MySQL] **********************************
2026-09-24 01:20:42,487 p=1954 u=www-data n=ansible INFO| changed: [R1-TEST -> localhost]
2026-09-24 01:20:42,762 p=1954 u=www-data n=ansible INFO| changed: [SW_CORE -> localhost]
2026-09-24 01:20:42,879 p=1954 u=www-data n=ansible INFO| changed: [SW_1 -> localhost]
2026-09-24 01:20:43,050 p=1954 u=www-data n=ansible INFO| changed: [SW_2 -> localhost]
2026-09-24 01:20:43,056 p=1954 u=www-data n=ansible INFO| TASK [Inyectar Auditoría de Seguridad a MySQL] *********************************
2026-09-24 01:20:46,080 p=1954 u=www-data n=ansible INFO| changed: [SW_CORE -> localhost]
2026-09-24 01:20:46,416 p=1954 u=www-data n=ansible INFO| changed: [SW_1 -> localhost]
2026-09-24 01:20:46,523 p=1954 u=www-data n=ansible INFO| changed: [R1-TEST -> localhost]
2026-09-24 01:20:46,542 p=1954 u=www-data n=ansible INFO| changed: [SW_2 -> localhost]
2026-09-24 01:20:46,548 p=1954 u=www-data n=ansible INFO| TASK [Crear directorio backup host] ********************************************
2026-09-24 01:20:49,137 p=1954 u=www-data n=ansible INFO| ok: [SW_CORE -> localhost]
2026-09-24 01:20:49,236 p=1954 u=www-data n=ansible INFO| ok: [SW_1 -> localhost]
2026-09-24 01:20:49,246 p=1954 u=www-data n=ansible INFO| ok: [SW_2 -> localhost]
2026-09-24 01:20:49,268 p=1954 u=www-data n=ansible INFO| ok: [R1-TEST -> localhost]
2026-09-24 01:20:49,274 p=1954 u=www-data n=ansible INFO| TASK [Obtener Running Config] **************************************************
2026-09-24 01:20:54,516 p=1954 u=www-data n=ansible INFO| ok: [SW_1]
2026-09-24 01:20:54,692 p=1954 u=www-data n=ansible INFO| ok: [SW_CORE]
2026-09-24 01:20:54,901 p=1954 u=www-data n=ansible INFO| ok: [R1-TEST]
2026-09-24 01:20:54,950 p=1954 u=www-data n=ansible INFO| ok: [SW_2]
2026-09-24 01:20:54,958 p=1954 u=www-data n=ansible INFO| TASK [Guardar Archivo de Backup] ***********************************************
2026-09-24 01:20:59,781 p=1954 u=www-data n=ansible INFO| ok: [SW_CORE -> localhost]
2026-09-24 01:20:59,841 p=1954 u=www-data n=ansible INFO| ok: [SW_1 -> localhost]
2026-09-24 01:20:59,852 p=1954 u=www-data n=ansible INFO| ok: [SW_2 -> localhost]
2026-09-24 01:20:59,893 p=1954 u=www-data n=ansible INFO| ok: [R1-TEST -> localhost]
2026-09-24 01:20:59,907 p=1954 u=www-data n=ansible INFO| PLAY RECAP *********************************************************************
2026-09-24 01:20:59,908 p=1954 u=www-data n=ansible INFO| R1-TEST                    : ok=10   changed=3    unreachable=0    failed=0    skipped=2    rescued=0    ignored=0   
2026-09-24 01:20:59,908 p=1954 u=www-data n=ansible INFO| SW_1                       : ok=10   changed=3    unreachable=0    failed=0    skipped=2    rescued=0    ignored=0   
2026-09-24 01:20:59,908 p=1954 u=www-data n=ansible INFO| SW_2                       : ok=10   changed=3    unreachable=0    failed=0    skipped=2    rescued=0    ignored=0   
2026-09-24 01:20:59,908 p=1954 u=www-data n=ansible INFO| SW_CORE                    : ok=10   changed=3    unreachable=0    failed=0    skipped=2    rescued=0    ignored=0   
2026-09-24 01:21:00,000 p=1972 u=www-data n=ansible INFO| shutdown complete
2026-09-24 01:21:00,003 p=1993 u=www-data n=ansible INFO| shutdown complete
2026-09-24 01:21:00,005 p=1978 u=www-data n=ansible INFO| shutdown complete
2026-09-24 01:21:00,008 p=1975 u=www-data n=ansible INFO| shutdown complete
2026-09-24 01:22:47,960 p=2505 u=www-data n=ansible INFO| PLAY [Auditoría Estructural de Red y Respaldos (Sin CSVs)] *********************
2026-09-24 01:22:47,994 p=2505 u=www-data n=ansible INFO| TASK [Obtener Interfaces Switches (Estado y VLANs)] ****************************
2026-09-24 01:22:48,189 p=2505 u=www-data n=ansible INFO| skipping: [R1-TEST]
2026-09-24 01:22:52,476 p=2505 u=www-data n=ansible INFO| network_os is set to cisco.ios.ios
2026-09-24 01:22:52,543 p=2523 u=www-data n=p=2523 u=www-data | paramiko [192.168.99.3] INFO| Connected (version 2.0, client Cisco-1.25)
2026-09-24 01:22:52,606 p=2505 u=www-data n=ansible INFO| network_os is set to cisco.ios.ios
2026-09-24 01:22:52,643 p=2526 u=www-data n=p=2526 u=www-data | paramiko [192.168.99.4] INFO| Connected (version 1.99, client Cisco-1.25)
2026-09-24 01:22:52,896 p=2505 u=www-data n=ansible INFO| network_os is set to cisco.ios.ios
2026-09-24 01:22:52,942 p=2529 u=www-data n=p=2529 u=www-data | paramiko [192.168.99.2] INFO| Connected (version 2.0, client Cisco-1.25)
2026-09-24 01:22:53,124 p=2523 u=www-data n=p=2523 u=www-data | paramiko [192.168.99.3] INFO| Authentication (password) successful!
2026-09-24 01:22:53,174 p=2526 u=www-data n=p=2526 u=www-data | paramiko [192.168.99.4] INFO| Authentication (password) successful!
2026-09-24 01:22:53,380 p=2529 u=www-data n=p=2529 u=www-data | paramiko [192.168.99.2] INFO| Authentication (password) successful!
2026-09-24 01:22:55,223 p=2505 u=www-data n=ansible INFO| ok: [SW_2]
2026-09-24 01:22:55,265 p=2505 u=www-data n=ansible INFO| ok: [SW_1]
2026-09-24 01:22:55,413 p=2505 u=www-data n=ansible INFO| ok: [SW_CORE]
2026-09-24 01:22:55,419 p=2505 u=www-data n=ansible INFO| TASK [Obtener Interfaces Routers (Capa 3)] *************************************
2026-09-24 01:22:55,519 p=2505 u=www-data n=ansible INFO| skipping: [SW_CORE]
2026-09-24 01:22:55,530 p=2505 u=www-data n=ansible INFO| skipping: [SW_1]
2026-09-24 01:22:55,531 p=2505 u=www-data n=ansible INFO| skipping: [SW_2]
2026-09-24 01:22:58,212 p=2505 u=www-data n=ansible INFO| network_os is set to cisco.ios.ios
2026-09-24 01:22:58,244 p=2544 u=www-data n=p=2544 u=www-data | paramiko [192.168.99.1] INFO| Connected (version 2.0, client Cisco-1.25)
2026-09-24 01:22:58,764 p=2544 u=www-data n=p=2544 u=www-data | paramiko [192.168.99.1] INFO| Authentication (password) successful!
2026-09-24 01:23:00,420 p=2505 u=www-data n=ansible INFO| ok: [R1-TEST]
2026-09-24 01:23:00,426 p=2505 u=www-data n=ansible INFO| TASK [Obtener Rutas L3] ********************************************************
2026-09-24 01:23:05,997 p=2505 u=www-data n=ansible INFO| ok: [SW_CORE]
2026-09-24 01:23:07,172 p=2505 u=www-data n=ansible INFO| ok: [SW_2]
2026-09-24 01:23:07,237 p=2505 u=www-data n=ansible INFO| ok: [R1-TEST]
2026-09-24 01:23:07,514 p=2505 u=www-data n=ansible INFO| ok: [SW_1]
2026-09-24 01:23:07,535 p=2505 u=www-data n=ansible INFO| TASK [Obtener Datos de Seguridad] **********************************************
2026-09-24 01:23:13,616 p=2505 u=www-data n=ansible INFO| ok: [SW_CORE]
2026-09-24 01:23:13,665 p=2505 u=www-data n=ansible INFO| ok: [R1-TEST]
2026-09-24 01:23:14,012 p=2505 u=www-data n=ansible INFO| ok: [SW_2]
2026-09-24 01:23:14,034 p=2505 u=www-data n=ansible INFO| ok: [SW_1]
2026-09-24 01:23:14,041 p=2505 u=www-data n=ansible INFO| TASK [Estructurar Variables de Seguridad] **************************************
2026-09-24 01:23:15,204 p=2505 u=www-data n=ansible INFO| ok: [R1-TEST]
2026-09-24 01:23:15,228 p=2505 u=www-data n=ansible INFO| ok: [SW_2]
2026-09-24 01:23:15,237 p=2505 u=www-data n=ansible INFO| ok: [SW_CORE]
2026-09-24 01:23:15,250 p=2505 u=www-data n=ansible INFO| ok: [SW_1]
2026-09-24 01:23:15,256 p=2505 u=www-data n=ansible INFO| TASK [Inyectar Puertos de Switches a MySQL] ************************************
2026-09-24 01:23:15,451 p=2505 u=www-data n=ansible INFO| skipping: [R1-TEST]
2026-09-24 01:23:18,105 p=2505 u=www-data n=ansible INFO| changed: [SW_1 -> localhost]
2026-09-24 01:23:18,151 p=2505 u=www-data n=ansible INFO| changed: [SW_CORE -> localhost]
2026-09-24 01:23:18,199 p=2505 u=www-data n=ansible INFO| changed: [SW_2 -> localhost]
2026-09-24 01:23:18,204 p=2505 u=www-data n=ansible INFO| TASK [Inyectar Puertos de Routers a MySQL] *************************************
2026-09-24 01:23:18,301 p=2505 u=www-data n=ansible INFO| skipping: [SW_CORE]
2026-09-24 01:23:18,304 p=2505 u=www-data n=ansible INFO| skipping: [SW_1]
2026-09-24 01:23:18,317 p=2505 u=www-data n=ansible INFO| skipping: [SW_2]
2026-09-24 01:23:19,859 p=2505 u=www-data n=ansible INFO| changed: [R1-TEST -> localhost]
2026-09-24 01:23:19,865 p=2505 u=www-data n=ansible INFO| TASK [Inyectar Tabla de Enrutamiento a MySQL] **********************************
2026-09-24 01:23:23,015 p=2505 u=www-data n=ansible INFO| changed: [SW_2 -> localhost]
2026-09-24 01:23:23,144 p=2505 u=www-data n=ansible INFO| changed: [R1-TEST -> localhost]
2026-09-24 01:23:23,211 p=2505 u=www-data n=ansible INFO| changed: [SW_1 -> localhost]
2026-09-24 01:23:23,236 p=2505 u=www-data n=ansible INFO| changed: [SW_CORE -> localhost]
2026-09-24 01:23:23,242 p=2505 u=www-data n=ansible INFO| TASK [Inyectar Auditoría de Seguridad a MySQL] *********************************
2026-09-24 01:23:26,403 p=2505 u=www-data n=ansible INFO| changed: [SW_CORE -> localhost]
2026-09-24 01:23:26,492 p=2505 u=www-data n=ansible INFO| changed: [R1-TEST -> localhost]
2026-09-24 01:23:26,532 p=2505 u=www-data n=ansible INFO| changed: [SW_2 -> localhost]
2026-09-24 01:23:26,654 p=2505 u=www-data n=ansible INFO| changed: [SW_1 -> localhost]
2026-09-24 01:23:26,660 p=2505 u=www-data n=ansible INFO| TASK [Crear directorio backup host] ********************************************
2026-09-24 01:23:29,284 p=2505 u=www-data n=ansible INFO| ok: [SW_1 -> localhost]
2026-09-24 01:23:29,353 p=2505 u=www-data n=ansible INFO| ok: [SW_CORE -> localhost]
2026-09-24 01:23:29,374 p=2505 u=www-data n=ansible INFO| ok: [R1-TEST -> localhost]
2026-09-24 01:23:29,377 p=2505 u=www-data n=ansible INFO| ok: [SW_2 -> localhost]
2026-09-24 01:23:29,386 p=2505 u=www-data n=ansible INFO| TASK [Obtener Running Config] **************************************************
2026-09-24 01:23:34,272 p=2505 u=www-data n=ansible INFO| ok: [SW_1]
2026-09-24 01:23:34,801 p=2505 u=www-data n=ansible INFO| ok: [SW_2]
2026-09-24 01:23:34,906 p=2505 u=www-data n=ansible INFO| ok: [R1-TEST]
2026-09-24 01:23:35,069 p=2505 u=www-data n=ansible INFO| ok: [SW_CORE]
2026-09-24 01:23:35,077 p=2505 u=www-data n=ansible INFO| TASK [Guardar Archivo de Backup] ***********************************************
2026-09-24 01:23:39,759 p=2505 u=www-data n=ansible INFO| ok: [SW_2 -> localhost]
2026-09-24 01:23:39,826 p=2505 u=www-data n=ansible INFO| ok: [SW_1 -> localhost]
2026-09-24 01:23:39,849 p=2505 u=www-data n=ansible INFO| ok: [SW_CORE -> localhost]
2026-09-24 01:23:39,980 p=2505 u=www-data n=ansible INFO| ok: [R1-TEST -> localhost]
2026-09-24 01:23:39,995 p=2505 u=www-data n=ansible INFO| PLAY RECAP *********************************************************************
2026-09-24 01:23:39,995 p=2505 u=www-data n=ansible INFO| R1-TEST                    : ok=10   changed=3    unreachable=0    failed=0    skipped=2    rescued=0    ignored=0   
2026-09-24 01:23:39,995 p=2505 u=www-data n=ansible INFO| SW_1                       : ok=10   changed=3    unreachable=0    failed=0    skipped=2    rescued=0    ignored=0   
2026-09-24 01:23:39,995 p=2505 u=www-data n=ansible INFO| SW_2                       : ok=10   changed=3    unreachable=0    failed=0    skipped=2    rescued=0    ignored=0   
2026-09-24 01:23:39,996 p=2505 u=www-data n=ansible INFO| SW_CORE                    : ok=10   changed=3    unreachable=0    failed=0    skipped=2    rescued=0    ignored=0   
2026-09-24 01:23:40,087 p=2529 u=www-data n=ansible INFO| shutdown complete
2026-09-24 01:23:40,092 p=2544 u=www-data n=ansible INFO| shutdown complete
2026-09-24 01:23:40,094 p=2523 u=www-data n=ansible INFO| shutdown complete
2026-09-24 01:23:40,094 p=2526 u=www-data n=ansible INFO| shutdown complete
2026-09-24 01:26:46,116 p=3056 u=www-data n=ansible INFO| PLAY [Auditoría Estructural de Red y Respaldos (Sin CSVs)] *********************
2026-09-24 01:26:46,149 p=3056 u=www-data n=ansible INFO| TASK [Obtener Interfaces Switches (Estado y VLANs)] ****************************
2026-09-24 01:26:46,202 p=3056 u=www-data n=ansible INFO| skipping: [R1-TEST]
2026-09-24 01:26:46,207 p=3056 u=www-data n=ansible INFO| TASK [Obtener Interfaces Routers (Capa 3)] *************************************
2026-09-24 01:26:48,910 p=3056 u=www-data n=ansible INFO| network_os is set to cisco.ios.ios
2026-09-24 01:26:48,981 p=3068 u=www-data n=p=3068 u=www-data | paramiko [192.168.99.1] INFO| Connected (version 2.0, client Cisco-1.25)
2026-09-24 01:26:49,510 p=3068 u=www-data n=p=3068 u=www-data | paramiko [192.168.99.1] INFO| Authentication (password) successful!
2026-09-24 01:26:51,161 p=3056 u=www-data n=ansible INFO| ok: [R1-TEST]
2026-09-24 01:26:51,166 p=3056 u=www-data n=ansible INFO| TASK [Obtener Rutas L3] ********************************************************
2026-09-24 01:26:54,250 p=3056 u=www-data n=ansible INFO| ok: [R1-TEST]
2026-09-24 01:26:54,271 p=3056 u=www-data n=ansible INFO| TASK [Obtener Datos de Seguridad] **********************************************
2026-09-24 01:26:57,283 p=3056 u=www-data n=ansible INFO| ok: [R1-TEST]
2026-09-24 01:26:57,290 p=3056 u=www-data n=ansible INFO| TASK [Estructurar Variables de Seguridad] **************************************
2026-09-24 01:26:57,789 p=3056 u=www-data n=ansible INFO| ok: [R1-TEST]
2026-09-24 01:26:57,796 p=3056 u=www-data n=ansible INFO| TASK [Inyectar Puertos de Switches a MySQL] ************************************
2026-09-24 01:26:57,845 p=3056 u=www-data n=ansible INFO| skipping: [R1-TEST]
2026-09-24 01:26:57,850 p=3056 u=www-data n=ansible INFO| TASK [Inyectar Puertos de Routers a MySQL] *************************************
2026-09-24 01:26:59,768 p=3056 u=www-data n=ansible INFO| changed: [R1-TEST -> localhost]
2026-09-24 01:26:59,773 p=3056 u=www-data n=ansible INFO| TASK [Inyectar Tabla de Enrutamiento a MySQL] **********************************
2026-09-24 01:27:01,274 p=3056 u=www-data n=ansible INFO| changed: [R1-TEST -> localhost]
2026-09-24 01:27:01,279 p=3056 u=www-data n=ansible INFO| TASK [Inyectar Auditoría de Seguridad a MySQL] *********************************
2026-09-24 01:27:02,722 p=3056 u=www-data n=ansible INFO| changed: [R1-TEST -> localhost]
2026-09-24 01:27:02,728 p=3056 u=www-data n=ansible INFO| TASK [Crear directorio backup host] ********************************************
2026-09-24 01:27:04,093 p=3056 u=www-data n=ansible INFO| ok: [R1-TEST -> localhost]
2026-09-24 01:27:04,099 p=3056 u=www-data n=ansible INFO| TASK [Obtener Running Config] **************************************************
2026-09-24 01:27:06,556 p=3056 u=www-data n=ansible INFO| ok: [R1-TEST]
2026-09-24 01:27:06,564 p=3056 u=www-data n=ansible INFO| TASK [Guardar Archivo de Backup] ***********************************************
2026-09-24 01:27:08,817 p=3056 u=www-data n=ansible INFO| ok: [R1-TEST -> localhost]
2026-09-24 01:27:08,831 p=3056 u=www-data n=ansible INFO| PLAY RECAP *********************************************************************
2026-09-24 01:27:08,832 p=3056 u=www-data n=ansible INFO| R1-TEST                    : ok=10   changed=3    unreachable=0    failed=0    skipped=2    rescued=0    ignored=0   
2026-09-24 01:27:08,929 p=3068 u=www-data n=ansible INFO| shutdown complete
2026-09-24 01:41:16,050 p=3199 u=www-data n=ansible INFO| PLAY [Auditoría Estructural de Red y Respaldos (NOC)] **************************
2026-09-24 01:41:16,083 p=3199 u=www-data n=ansible INFO| TASK [Obtener Hardware y Version de IOS] ***************************************
2026-09-24 01:41:22,265 p=3199 u=www-data n=ansible INFO| network_os is set to cisco.ios.ios
2026-09-24 01:41:22,388 p=3219 u=www-data n=p=3219 u=www-data | paramiko [192.168.99.3] INFO| Connected (version 2.0, client Cisco-1.25)
2026-09-24 01:41:22,432 p=3199 u=www-data n=ansible INFO| network_os is set to cisco.ios.ios
2026-09-24 01:41:22,465 p=3199 u=www-data n=ansible INFO| network_os is set to cisco.ios.ios
2026-09-24 01:41:22,533 p=3228 u=www-data n=p=3228 u=www-data | paramiko [192.168.99.1] INFO| Connected (version 2.0, client Cisco-1.25)
2026-09-24 01:41:22,542 p=3226 u=www-data n=p=3226 u=www-data | paramiko [192.168.99.4] INFO| Connected (version 1.99, client Cisco-1.25)
2026-09-24 01:41:22,551 p=3199 u=www-data n=ansible INFO| network_os is set to cisco.ios.ios
2026-09-24 01:41:22,701 p=3222 u=www-data n=p=3222 u=www-data | paramiko [192.168.99.2] INFO| Connected (version 2.0, client Cisco-1.25)
2026-09-24 01:41:23,035 p=3219 u=www-data n=p=3219 u=www-data | paramiko [192.168.99.3] INFO| Authentication (password) successful!
2026-09-24 01:41:23,068 p=3228 u=www-data n=p=3228 u=www-data | paramiko [192.168.99.1] INFO| Authentication (password) successful!
2026-09-24 01:41:23,082 p=3226 u=www-data n=p=3226 u=www-data | paramiko [192.168.99.4] INFO| Authentication (password) successful!
2026-09-24 01:41:23,160 p=3222 u=www-data n=p=3222 u=www-data | paramiko [192.168.99.2] INFO| Authentication (password) successful!
2026-09-24 01:41:25,276 p=3199 u=www-data n=ansible INFO| ok: [R1-TEST]
2026-09-24 01:41:25,427 p=3199 u=www-data n=ansible INFO| ok: [SW_1]
2026-09-24 01:41:25,518 p=3199 u=www-data n=ansible INFO| ok: [SW_CORE]
2026-09-24 01:41:25,617 p=3199 u=www-data n=ansible INFO| ok: [SW_2]
2026-09-24 01:41:25,622 p=3199 u=www-data n=ansible INFO| TASK [Obtener Interfaces Switches (Capa 2)] ************************************
2026-09-24 01:41:25,826 p=3199 u=www-data n=ansible INFO| skipping: [R1-TEST]
2026-09-24 01:41:30,526 p=3199 u=www-data n=ansible INFO| ok: [SW_CORE]
2026-09-24 01:41:30,689 p=3199 u=www-data n=ansible INFO| ok: [SW_2]
2026-09-24 01:41:30,851 p=3199 u=www-data n=ansible INFO| ok: [SW_1]
2026-09-24 01:41:30,856 p=3199 u=www-data n=ansible INFO| TASK [Obtener Interfaces Routers (Capa 3)] *************************************
2026-09-24 01:41:30,955 p=3199 u=www-data n=ansible INFO| skipping: [SW_CORE]
2026-09-24 01:41:30,960 p=3199 u=www-data n=ansible INFO| skipping: [SW_1]
2026-09-24 01:41:30,971 p=3199 u=www-data n=ansible INFO| skipping: [SW_2]
2026-09-24 01:41:34,081 p=3199 u=www-data n=ansible INFO| ok: [R1-TEST]
2026-09-24 01:41:34,087 p=3199 u=www-data n=ansible INFO| TASK [Obtener Rutas L3] ********************************************************
2026-09-24 01:41:40,755 p=3199 u=www-data n=ansible INFO| ok: [SW_1]
2026-09-24 01:41:40,794 p=3199 u=www-data n=ansible INFO| ok: [SW_2]
2026-09-24 01:41:41,044 p=3199 u=www-data n=ansible INFO| ok: [SW_CORE]
2026-09-24 01:41:41,060 p=3199 u=www-data n=ansible INFO| ok: [R1-TEST]
2026-09-24 01:41:41,088 p=3199 u=www-data n=ansible INFO| TASK [Obtener Datos de Seguridad] **********************************************
2026-09-24 01:41:47,183 p=3199 u=www-data n=ansible INFO| ok: [R1-TEST]
2026-09-24 01:41:47,372 p=3199 u=www-data n=ansible INFO| ok: [SW_CORE]
2026-09-24 01:41:47,467 p=3199 u=www-data n=ansible INFO| ok: [SW_2]
2026-09-24 01:41:47,472 p=3199 u=www-data n=ansible INFO| ok: [SW_1]
2026-09-24 01:41:47,483 p=3199 u=www-data n=ansible INFO| TASK [Estructurar Variables de Seguridad (Blindaje)] ***************************
2026-09-24 01:41:48,664 p=3199 u=www-data n=ansible INFO| ok: [SW_1]
2026-09-24 01:41:48,729 p=3199 u=www-data n=ansible INFO| ok: [R1-TEST]
2026-09-24 01:41:48,736 p=3199 u=www-data n=ansible INFO| ok: [SW_CORE]
2026-09-24 01:41:48,767 p=3199 u=www-data n=ansible INFO| ok: [SW_2]
2026-09-24 01:41:48,774 p=3199 u=www-data n=ansible INFO| TASK [Inyectar Hardware a MySQL] ***********************************************
2026-09-24 01:41:52,470 p=3199 u=www-data n=ansible INFO| changed: [SW_2 -> localhost]
2026-09-24 01:41:52,492 p=3199 u=www-data n=ansible INFO| changed: [R1-TEST -> localhost]
2026-09-24 01:41:52,544 p=3199 u=www-data n=ansible INFO| changed: [SW_CORE -> localhost]
2026-09-24 01:41:52,552 p=3199 u=www-data n=ansible INFO| changed: [SW_1 -> localhost]
2026-09-24 01:41:52,558 p=3199 u=www-data n=ansible INFO| TASK [Inyectar Puertos de Switches a MySQL] ************************************
2026-09-24 01:41:52,759 p=3199 u=www-data n=ansible INFO| skipping: [R1-TEST]
2026-09-24 01:41:54,952 p=3199 u=www-data n=ansible INFO| changed: [SW_CORE -> localhost]
2026-09-24 01:41:55,096 p=3199 u=www-data n=ansible INFO| changed: [SW_2 -> localhost]
2026-09-24 01:41:55,118 p=3199 u=www-data n=ansible INFO| changed: [SW_1 -> localhost]
2026-09-24 01:41:55,124 p=3199 u=www-data n=ansible INFO| TASK [Inyectar Puertos de Routers a MySQL] *************************************
2026-09-24 01:41:55,246 p=3199 u=www-data n=ansible INFO| skipping: [SW_CORE]
2026-09-24 01:41:55,268 p=3199 u=www-data n=ansible INFO| skipping: [SW_1]
2026-09-24 01:41:55,277 p=3199 u=www-data n=ansible INFO| skipping: [SW_2]
2026-09-24 01:41:56,743 p=3199 u=www-data n=ansible INFO| changed: [R1-TEST -> localhost]
2026-09-24 01:41:56,749 p=3199 u=www-data n=ansible INFO| TASK [Inyectar Tabla de Enrutamiento a MySQL] **********************************
2026-09-24 01:41:59,868 p=3199 u=www-data n=ansible INFO| changed: [SW_2 -> localhost]
2026-09-24 01:42:00,050 p=3199 u=www-data n=ansible INFO| changed: [R1-TEST -> localhost]
2026-09-24 01:42:00,064 p=3199 u=www-data n=ansible INFO| changed: [SW_1 -> localhost]
2026-09-24 01:42:00,141 p=3199 u=www-data n=ansible INFO| changed: [SW_CORE -> localhost]
2026-09-24 01:42:00,147 p=3199 u=www-data n=ansible INFO| TASK [Inyectar Auditoría de Seguridad a MySQL] *********************************
2026-09-24 01:42:03,188 p=3199 u=www-data n=ansible INFO| changed: [SW_2 -> localhost]
2026-09-24 01:42:03,515 p=3199 u=www-data n=ansible INFO| changed: [SW_CORE -> localhost]
2026-09-24 01:42:03,608 p=3199 u=www-data n=ansible INFO| changed: [R1-TEST -> localhost]
2026-09-24 01:42:03,640 p=3199 u=www-data n=ansible INFO| changed: [SW_1 -> localhost]
2026-09-24 01:42:03,645 p=3199 u=www-data n=ansible INFO| TASK [Crear directorio backup host] ********************************************
2026-09-24 01:42:06,350 p=3199 u=www-data n=ansible INFO| ok: [SW_CORE -> localhost]
2026-09-24 01:42:06,360 p=3199 u=www-data n=ansible INFO| ok: [R1-TEST -> localhost]
2026-09-24 01:42:06,389 p=3199 u=www-data n=ansible INFO| ok: [SW_1 -> localhost]
2026-09-24 01:42:06,433 p=3199 u=www-data n=ansible INFO| ok: [SW_2 -> localhost]
2026-09-24 01:42:06,440 p=3199 u=www-data n=ansible INFO| TASK [Obtener Running Config] **************************************************
2026-09-24 01:42:11,974 p=3199 u=www-data n=ansible INFO| ok: [SW_CORE]
2026-09-24 01:42:12,060 p=3199 u=www-data n=ansible INFO| ok: [SW_1]
2026-09-24 01:42:12,102 p=3199 u=www-data n=ansible INFO| ok: [SW_2]
2026-09-24 01:42:12,240 p=3199 u=www-data n=ansible INFO| ok: [R1-TEST]
2026-09-24 01:42:12,248 p=3199 u=www-data n=ansible INFO| TASK [Guardar Archivo de Backup] ***********************************************
2026-09-24 01:42:17,026 p=3199 u=www-data n=ansible INFO| ok: [R1-TEST -> localhost]
2026-09-24 01:42:17,188 p=3199 u=www-data n=ansible INFO| ok: [SW_CORE -> localhost]
2026-09-24 01:42:17,257 p=3199 u=www-data n=ansible INFO| ok: [SW_1 -> localhost]
2026-09-24 01:42:17,268 p=3199 u=www-data n=ansible INFO| ok: [SW_2 -> localhost]
2026-09-24 01:42:17,282 p=3199 u=www-data n=ansible INFO| PLAY RECAP *********************************************************************
2026-09-24 01:42:17,282 p=3199 u=www-data n=ansible INFO| R1-TEST                    : ok=12   changed=4    unreachable=0    failed=0    skipped=2    rescued=0    ignored=0   
2026-09-24 01:42:17,282 p=3199 u=www-data n=ansible INFO| SW_1                       : ok=12   changed=4    unreachable=0    failed=0    skipped=2    rescued=0    ignored=0   
2026-09-24 01:42:17,282 p=3199 u=www-data n=ansible INFO| SW_2                       : ok=12   changed=4    unreachable=0    failed=0    skipped=2    rescued=0    ignored=0   
2026-09-24 01:42:17,283 p=3199 u=www-data n=ansible INFO| SW_CORE                    : ok=12   changed=4    unreachable=0    failed=0    skipped=2    rescued=0    ignored=0   
2026-09-24 01:42:17,375 p=3228 u=www-data n=ansible INFO| shutdown complete
2026-09-24 01:42:17,378 p=3222 u=www-data n=ansible INFO| shutdown complete
2026-09-24 01:42:17,380 p=3226 u=www-data n=ansible INFO| shutdown complete
2026-09-24 01:42:17,384 p=3219 u=www-data n=ansible INFO| shutdown complete
2026-09-24 02:01:39,656 p=3850 u=www-data n=ansible INFO| PLAY [Auditoría Estructural de Red y Respaldos (NOC)] **************************
2026-09-24 02:01:39,690 p=3850 u=www-data n=ansible INFO| TASK [Obtener Hardware y Version de IOS] ***************************************
2026-09-24 02:01:45,773 p=3850 u=www-data n=ansible INFO| network_os is set to cisco.ios.ios
2026-09-24 02:01:45,866 p=3870 u=www-data n=p=3870 u=www-data | paramiko [192.168.99.2] INFO| Connected (version 2.0, client Cisco-1.25)
2026-09-24 02:01:46,041 p=3850 u=www-data n=ansible INFO| network_os is set to cisco.ios.ios
2026-09-24 02:01:46,117 p=3876 u=www-data n=p=3876 u=www-data | paramiko [192.168.99.4] INFO| Connected (version 1.99, client Cisco-1.25)
2026-09-24 02:01:46,208 p=3850 u=www-data n=ansible INFO| network_os is set to cisco.ios.ios
2026-09-24 02:01:46,314 p=3873 u=www-data n=p=3873 u=www-data | paramiko [192.168.99.1] INFO| Connected (version 2.0, client Cisco-1.25)
2026-09-24 02:01:46,331 p=3850 u=www-data n=ansible INFO| network_os is set to cisco.ios.ios
2026-09-24 02:01:46,406 p=3879 u=www-data n=p=3879 u=www-data | paramiko [192.168.99.3] INFO| Connected (version 2.0, client Cisco-1.25)
2026-09-24 02:01:46,498 p=3870 u=www-data n=p=3870 u=www-data | paramiko [192.168.99.2] INFO| Authentication (password) successful!
2026-09-24 02:01:46,673 p=3876 u=www-data n=p=3876 u=www-data | paramiko [192.168.99.4] INFO| Authentication (password) successful!
2026-09-24 02:01:46,769 p=3873 u=www-data n=p=3873 u=www-data | paramiko [192.168.99.1] INFO| Authentication (password) successful!
2026-09-24 02:01:46,869 p=3879 u=www-data n=p=3879 u=www-data | paramiko [192.168.99.3] INFO| Authentication (password) successful!
2026-09-24 02:01:48,813 p=3850 u=www-data n=ansible INFO| ok: [SW_2]
2026-09-24 02:01:48,861 p=3850 u=www-data n=ansible INFO| ok: [SW_CORE]
2026-09-24 02:01:49,053 p=3850 u=www-data n=ansible INFO| ok: [R1-TEST]
2026-09-24 02:01:49,193 p=3850 u=www-data n=ansible INFO| ok: [SW_1]
2026-09-24 02:01:49,199 p=3850 u=www-data n=ansible INFO| TASK [Obtener Interfaces Switches (Capa 2)] ************************************
2026-09-24 02:01:49,392 p=3850 u=www-data n=ansible INFO| skipping: [R1-TEST]
2026-09-24 02:01:54,019 p=3850 u=www-data n=ansible INFO| ok: [SW_CORE]
2026-09-24 02:01:54,354 p=3850 u=www-data n=ansible INFO| ok: [SW_2]
2026-09-24 02:01:54,461 p=3850 u=www-data n=ansible INFO| ok: [SW_1]
2026-09-24 02:01:54,467 p=3850 u=www-data n=ansible INFO| TASK [Obtener Interfaces Routers (Capa 3)] *************************************
2026-09-24 02:01:54,560 p=3850 u=www-data n=ansible INFO| skipping: [SW_CORE]
2026-09-24 02:01:54,564 p=3850 u=www-data n=ansible INFO| skipping: [SW_1]
2026-09-24 02:01:54,581 p=3850 u=www-data n=ansible INFO| skipping: [SW_2]
2026-09-24 02:01:57,664 p=3850 u=www-data n=ansible INFO| ok: [R1-TEST]
2026-09-24 02:01:57,670 p=3850 u=www-data n=ansible INFO| TASK [Obtener Rutas L3] ********************************************************
2026-09-24 02:02:04,570 p=3850 u=www-data n=ansible INFO| ok: [R1-TEST]
2026-09-24 02:02:04,576 p=3850 u=www-data n=ansible INFO| ok: [SW_1]
2026-09-24 02:02:04,578 p=3850 u=www-data n=ansible INFO| ok: [SW_2]
2026-09-24 02:02:04,738 p=3850 u=www-data n=ansible INFO| ok: [SW_CORE]
2026-09-24 02:02:04,761 p=3850 u=www-data n=ansible INFO| TASK [Obtener Datos de Seguridad] **********************************************
2026-09-24 02:02:16,495 p=3850 u=www-data n=ansible INFO| ok: [SW_2]
2026-09-24 02:02:16,538 p=3850 u=www-data n=ansible INFO| ok: [SW_CORE]
2026-09-24 02:02:16,948 p=3850 u=www-data n=ansible INFO| ok: [R1-TEST]
2026-09-24 02:02:17,201 p=3850 u=www-data n=ansible INFO| ok: [SW_1]
2026-09-24 02:02:17,242 p=3850 u=www-data n=ansible INFO| TASK [Estructurar Variables de Seguridad (Blindaje)] ***************************
2026-09-24 02:02:19,133 p=3850 u=www-data n=ansible INFO| ok: [R1-TEST]
2026-09-24 02:02:19,134 p=3850 u=www-data n=ansible INFO| ok: [SW_2]
2026-09-24 02:02:19,134 p=3850 u=www-data n=ansible INFO| ok: [SW_1]
2026-09-24 02:02:19,135 p=3850 u=www-data n=ansible INFO| ok: [SW_CORE]
2026-09-24 02:02:19,147 p=3850 u=www-data n=ansible INFO| TASK [Inyectar Puertos de Switches a MySQL] ************************************
2026-09-24 02:02:19,334 p=3850 u=www-data n=ansible INFO| skipping: [R1-TEST]
2026-09-24 02:02:24,276 p=3850 u=www-data n=ansible INFO| changed: [SW_1 -> localhost]
2026-09-24 02:02:24,515 p=3850 u=www-data n=ansible INFO| changed: [SW_2 -> localhost]
2026-09-24 02:02:24,847 p=3850 u=www-data n=ansible INFO| changed: [SW_CORE -> localhost]
2026-09-24 02:02:24,853 p=3850 u=www-data n=ansible INFO| TASK [Inyectar Puertos de Routers a MySQL] *************************************
2026-09-24 02:02:24,919 p=3850 u=www-data n=ansible INFO| skipping: [SW_CORE]
2026-09-24 02:02:24,951 p=3850 u=www-data n=ansible INFO| skipping: [SW_1]
2026-09-24 02:02:24,976 p=3850 u=www-data n=ansible INFO| skipping: [SW_2]
2026-09-24 02:02:26,721 p=3850 u=www-data n=ansible INFO| changed: [R1-TEST -> localhost]
2026-09-24 02:02:26,727 p=3850 u=www-data n=ansible INFO| TASK [Inyectar Tabla de Enrutamiento a MySQL] **********************************
2026-09-24 02:02:29,821 p=3850 u=www-data n=ansible INFO| changed: [SW_CORE -> localhost]
2026-09-24 02:02:29,998 p=3850 u=www-data n=ansible INFO| changed: [SW_2 -> localhost]
2026-09-24 02:02:30,270 p=3850 u=www-data n=ansible INFO| changed: [SW_1 -> localhost]
2026-09-24 02:02:30,452 p=3850 u=www-data n=ansible INFO| changed: [R1-TEST -> localhost]
2026-09-24 02:02:30,458 p=3850 u=www-data n=ansible INFO| TASK [Inyectar Auditoría de Seguridad a MySQL] *********************************
2026-09-24 02:02:33,996 p=3850 u=www-data n=ansible INFO| changed: [SW_CORE -> localhost]
2026-09-24 02:02:34,012 p=3850 u=www-data n=ansible INFO| changed: [R1-TEST -> localhost]
2026-09-24 02:02:34,079 p=3850 u=www-data n=ansible INFO| changed: [SW_1 -> localhost]
2026-09-24 02:02:34,098 p=3850 u=www-data n=ansible INFO| changed: [SW_2 -> localhost]
2026-09-24 02:02:34,109 p=3850 u=www-data n=ansible INFO| TASK [Crear directorio backup host] ********************************************
2026-09-24 02:02:36,829 p=3850 u=www-data n=ansible INFO| ok: [SW_CORE -> localhost]
2026-09-24 02:02:36,830 p=3850 u=www-data n=ansible INFO| ok: [R1-TEST -> localhost]
2026-09-24 02:02:36,844 p=3850 u=www-data n=ansible INFO| ok: [SW_2 -> localhost]
2026-09-24 02:02:36,885 p=3850 u=www-data n=ansible INFO| ok: [SW_1 -> localhost]
2026-09-24 02:02:36,891 p=3850 u=www-data n=ansible INFO| TASK [Obtener Running Config] **************************************************
2026-09-24 02:02:43,735 p=3850 u=www-data n=ansible INFO| ok: [SW_1]
2026-09-24 02:02:43,836 p=3850 u=www-data n=ansible INFO| ok: [R1-TEST]
2026-09-24 02:02:43,904 p=3850 u=www-data n=ansible INFO| ok: [SW_CORE]
2026-09-24 02:02:43,986 p=3850 u=www-data n=ansible INFO| ok: [SW_2]
2026-09-24 02:02:43,994 p=3850 u=www-data n=ansible INFO| TASK [Guardar Archivo de Backup] ***********************************************
2026-09-24 02:02:49,377 p=3850 u=www-data n=ansible INFO| ok: [SW_1 -> localhost]
2026-09-24 02:02:49,468 p=3850 u=www-data n=ansible INFO| ok: [SW_CORE -> localhost]
2026-09-24 02:02:49,519 p=3850 u=www-data n=ansible INFO| ok: [R1-TEST -> localhost]
2026-09-24 02:02:49,543 p=3850 u=www-data n=ansible INFO| ok: [SW_2 -> localhost]
2026-09-24 02:02:49,558 p=3850 u=www-data n=ansible INFO| PLAY RECAP *********************************************************************
2026-09-24 02:02:49,559 p=3850 u=www-data n=ansible INFO| R1-TEST                    : ok=11   changed=3    unreachable=0    failed=0    skipped=2    rescued=0    ignored=0   
2026-09-24 02:02:49,559 p=3850 u=www-data n=ansible INFO| SW_1                       : ok=11   changed=3    unreachable=0    failed=0    skipped=2    rescued=0    ignored=0   
2026-09-24 02:02:49,559 p=3850 u=www-data n=ansible INFO| SW_2                       : ok=11   changed=3    unreachable=0    failed=0    skipped=2    rescued=0    ignored=0   
2026-09-24 02:02:49,559 p=3850 u=www-data n=ansible INFO| SW_CORE                    : ok=11   changed=3    unreachable=0    failed=0    skipped=2    rescued=0    ignored=0   
2026-09-24 02:02:49,651 p=3876 u=www-data n=ansible INFO| shutdown complete
2026-09-24 02:02:49,653 p=3870 u=www-data n=ansible INFO| shutdown complete
2026-09-24 02:02:49,657 p=3873 u=www-data n=ansible INFO| shutdown complete
2026-09-24 02:02:49,658 p=3879 u=www-data n=ansible INFO| shutdown complete
2026-09-24 02:27:33,975 p=5803 u=www-data n=ansible INFO| PLAY [Auditoría Estructural de Red y Respaldos (NOC)] **************************
2026-09-24 02:27:34,009 p=5803 u=www-data n=ansible INFO| TASK [Obtener Interfaces Switches (Capa 2)] ************************************
2026-09-24 02:27:34,187 p=5803 u=www-data n=ansible INFO| skipping: [R1-TEST]
2026-09-24 02:27:38,645 p=5803 u=www-data n=ansible INFO| network_os is set to cisco.ios.ios
2026-09-24 02:27:38,736 p=5803 u=www-data n=ansible INFO| network_os is set to cisco.ios.ios
2026-09-24 02:27:38,752 p=5821 u=www-data n=p=5821 u=www-data | paramiko [192.168.99.4] INFO| Connected (version 1.99, client Cisco-1.25)
2026-09-24 02:27:38,758 p=5803 u=www-data n=ansible INFO| network_os is set to cisco.ios.ios
2026-09-24 02:27:38,762 p=5824 u=www-data n=p=5824 u=www-data | paramiko [192.168.99.2] INFO| Connected (version 2.0, client Cisco-1.25)
2026-09-24 02:27:38,831 p=5827 u=www-data n=p=5827 u=www-data | paramiko [192.168.99.3] INFO| Connected (version 2.0, client Cisco-1.25)
2026-09-24 02:27:39,200 p=5821 u=www-data n=p=5821 u=www-data | paramiko [192.168.99.4] INFO| Authentication (password) successful!
2026-09-24 02:27:39,304 p=5827 u=www-data n=p=5827 u=www-data | paramiko [192.168.99.3] INFO| Authentication (password) successful!
2026-09-24 02:27:39,436 p=5824 u=www-data n=p=5824 u=www-data | paramiko [192.168.99.2] INFO| Authentication (password) successful!
2026-09-24 02:27:41,400 p=5803 u=www-data n=ansible INFO| ok: [SW_2]
2026-09-24 02:27:41,402 p=5803 u=www-data n=ansible INFO| ok: [SW_CORE]
2026-09-24 02:27:41,456 p=5803 u=www-data n=ansible INFO| ok: [SW_1]
2026-09-24 02:27:41,461 p=5803 u=www-data n=ansible INFO| TASK [Obtener Interfaces Routers (Capa 3)] *************************************
2026-09-24 02:27:41,557 p=5803 u=www-data n=ansible INFO| skipping: [SW_CORE]
2026-09-24 02:27:41,561 p=5803 u=www-data n=ansible INFO| skipping: [SW_1]
2026-09-24 02:27:41,572 p=5803 u=www-data n=ansible INFO| skipping: [SW_2]
2026-09-24 02:27:44,235 p=5803 u=www-data n=ansible INFO| network_os is set to cisco.ios.ios
2026-09-24 02:27:44,269 p=5842 u=www-data n=p=5842 u=www-data | paramiko [192.168.99.1] INFO| Connected (version 2.0, client Cisco-1.25)
2026-09-24 02:27:44,791 p=5842 u=www-data n=p=5842 u=www-data | paramiko [192.168.99.1] INFO| Authentication (password) successful!
2026-09-24 02:27:46,458 p=5803 u=www-data n=ansible INFO| ok: [R1-TEST]
2026-09-24 02:27:46,464 p=5803 u=www-data n=ansible INFO| TASK [Obtener Rutas L3] ********************************************************
2026-09-24 02:27:53,497 p=5803 u=www-data n=ansible INFO| ok: [R1-TEST]
2026-09-24 02:27:53,527 p=5803 u=www-data n=ansible INFO| ok: [SW_CORE]
2026-09-24 02:27:53,630 p=5803 u=www-data n=ansible INFO| ok: [SW_2]
2026-09-24 02:27:53,648 p=5803 u=www-data n=ansible INFO| ok: [SW_1]
2026-09-24 02:27:53,670 p=5803 u=www-data n=ansible INFO| TASK [Obtener Datos de Seguridad] **********************************************
2026-09-24 02:27:59,712 p=5803 u=www-data n=ansible INFO| ok: [SW_2]
2026-09-24 02:27:59,968 p=5803 u=www-data n=ansible INFO| ok: [R1-TEST]
2026-09-24 02:28:00,134 p=5803 u=www-data n=ansible INFO| ok: [SW_CORE]
2026-09-24 02:28:00,407 p=5803 u=www-data n=ansible INFO| ok: [SW_1]
2026-09-24 02:28:00,414 p=5803 u=www-data n=ansible INFO| TASK [Estructurar Variables de Seguridad (Blindaje)] ***************************
2026-09-24 02:28:01,565 p=5803 u=www-data n=ansible INFO| ok: [SW_1]
2026-09-24 02:28:01,567 p=5803 u=www-data n=ansible INFO| ok: [SW_CORE]
2026-09-24 02:28:01,613 p=5803 u=www-data n=ansible INFO| ok: [SW_2]
2026-09-24 02:28:01,670 p=5803 u=www-data n=ansible INFO| ok: [R1-TEST]
2026-09-24 02:28:01,677 p=5803 u=www-data n=ansible INFO| TASK [Inyectar Puertos de Switches a MySQL] ************************************
2026-09-24 02:28:03,659 p=5803 u=www-data n=ansible INFO| changed: [SW_CORE -> localhost]
2026-09-24 02:28:05,205 p=5803 u=www-data n=ansible INFO| changed: [SW_1 -> localhost]
2026-09-24 02:28:06,759 p=5803 u=www-data n=ansible INFO| changed: [SW_2 -> localhost]
2026-09-24 02:28:06,800 p=5803 u=www-data n=ansible INFO| skipping: [R1-TEST]
2026-09-24 02:28:06,806 p=5803 u=www-data n=ansible INFO| TASK [Inyectar Puertos de Routers a MySQL] *************************************
2026-09-24 02:28:06,862 p=5803 u=www-data n=ansible INFO| skipping: [SW_CORE]
2026-09-24 02:28:06,911 p=5803 u=www-data n=ansible INFO| skipping: [SW_1]
2026-09-24 02:28:06,960 p=5803 u=www-data n=ansible INFO| skipping: [SW_2]
2026-09-24 02:28:08,499 p=5803 u=www-data n=ansible INFO| changed: [R1-TEST -> localhost]
2026-09-24 02:28:08,505 p=5803 u=www-data n=ansible INFO| TASK [Inyectar Tabla de Enrutamiento a MySQL] **********************************
2026-09-24 02:28:10,015 p=5803 u=www-data n=ansible INFO| changed: [SW_CORE -> localhost]
2026-09-24 02:28:11,475 p=5803 u=www-data n=ansible INFO| changed: [SW_1 -> localhost]
2026-09-24 02:28:12,903 p=5803 u=www-data n=ansible INFO| changed: [SW_2 -> localhost]
2026-09-24 02:28:14,383 p=5803 u=www-data n=ansible INFO| changed: [R1-TEST -> localhost]
2026-09-24 02:28:14,389 p=5803 u=www-data n=ansible INFO| TASK [Inyectar Auditoría de Seguridad a MySQL] *********************************
2026-09-24 02:28:15,836 p=5803 u=www-data n=ansible INFO| changed: [SW_CORE -> localhost]
2026-09-24 02:28:17,288 p=5803 u=www-data n=ansible INFO| changed: [SW_1 -> localhost]
2026-09-24 02:28:18,792 p=5803 u=www-data n=ansible INFO| changed: [SW_2 -> localhost]
2026-09-24 02:28:20,262 p=5803 u=www-data n=ansible INFO| changed: [R1-TEST -> localhost]
2026-09-24 02:28:20,268 p=5803 u=www-data n=ansible INFO| TASK [Crear directorio backup host] ********************************************
2026-09-24 02:28:22,806 p=5803 u=www-data n=ansible INFO| ok: [SW_1 -> localhost]
2026-09-24 02:28:22,848 p=5803 u=www-data n=ansible INFO| ok: [SW_CORE -> localhost]
2026-09-24 02:28:22,904 p=5803 u=www-data n=ansible INFO| ok: [SW_2 -> localhost]
2026-09-24 02:28:22,953 p=5803 u=www-data n=ansible INFO| ok: [R1-TEST -> localhost]
2026-09-24 02:28:22,959 p=5803 u=www-data n=ansible INFO| TASK [Obtener Running Config] **************************************************
2026-09-24 02:28:27,578 p=5803 u=www-data n=ansible INFO| ok: [SW_CORE]
2026-09-24 02:28:28,375 p=5803 u=www-data n=ansible INFO| ok: [R1-TEST]
2026-09-24 02:28:28,660 p=5803 u=www-data n=ansible INFO| ok: [SW_2]
2026-09-24 02:28:28,688 p=5803 u=www-data n=ansible INFO| ok: [SW_1]
2026-09-24 02:28:28,695 p=5803 u=www-data n=ansible INFO| TASK [Guardar Archivo de Backup] ***********************************************
2026-09-24 02:28:33,221 p=5803 u=www-data n=ansible INFO| ok: [R1-TEST -> localhost]
2026-09-24 02:28:33,453 p=5803 u=www-data n=ansible INFO| ok: [SW_2 -> localhost]
2026-09-24 02:28:33,521 p=5803 u=www-data n=ansible INFO| ok: [SW_CORE -> localhost]
2026-09-24 02:28:33,560 p=5803 u=www-data n=ansible INFO| ok: [SW_1 -> localhost]
2026-09-24 02:28:33,575 p=5803 u=www-data n=ansible INFO| PLAY RECAP *********************************************************************
2026-09-24 02:28:33,575 p=5803 u=www-data n=ansible INFO| R1-TEST                    : ok=10   changed=3    unreachable=0    failed=0    skipped=2    rescued=0    ignored=0   
2026-09-24 02:28:33,575 p=5803 u=www-data n=ansible INFO| SW_1                       : ok=10   changed=3    unreachable=0    failed=0    skipped=2    rescued=0    ignored=0   
2026-09-24 02:28:33,576 p=5803 u=www-data n=ansible INFO| SW_2                       : ok=10   changed=3    unreachable=0    failed=0    skipped=2    rescued=0    ignored=0   
2026-09-24 02:28:33,576 p=5803 u=www-data n=ansible INFO| SW_CORE                    : ok=10   changed=3    unreachable=0    failed=0    skipped=2    rescued=0    ignored=0   
2026-09-24 02:28:33,667 p=5821 u=www-data n=ansible INFO| shutdown complete
2026-09-24 02:28:33,671 p=5842 u=www-data n=ansible INFO| shutdown complete
2026-09-24 02:28:33,673 p=5824 u=www-data n=ansible INFO| shutdown complete
2026-09-24 02:28:33,676 p=5827 u=www-data n=ansible INFO| shutdown complete
2026-09-24 15:04:16,618 p=24 u=www-data n=ansible INFO| PLAY [Auditoría Estructural Universal (Switches L2/L3 y Routers)] **************
2026-09-24 15:04:16,816 p=24 u=www-data n=ansible INFO| TASK [Obtener Estado Fisico y VLANs (Switches L2/L3)] **************************
2026-09-24 15:04:17,042 p=24 u=www-data n=ansible INFO| skipping: [R1-TEST]
2026-09-24 15:04:24,598 p=24 u=www-data n=ansible INFO| network_os is set to cisco.ios.ios
2026-09-24 15:04:24,729 p=24 u=www-data n=ansible INFO| network_os is set to cisco.ios.ios
2026-09-24 15:04:24,740 p=24 u=www-data n=ansible INFO| network_os is set to cisco.ios.ios
2026-09-24 15:04:31,922 p=48 u=www-data n=p=48 u=www-data | paramiko [192.168.99.3] INFO| Connected (version 2.0, client Cisco-1.25)
2026-09-24 15:04:31,961 p=44 u=www-data n=p=44 u=www-data | paramiko [192.168.99.2] INFO| Connected (version 2.0, client Cisco-1.25)
2026-09-24 15:04:32,010 p=45 u=www-data n=p=45 u=www-data | paramiko [192.168.99.4] INFO| Connected (version 1.99, client Cisco-1.25)
2026-09-24 15:04:32,376 p=48 u=www-data n=p=48 u=www-data | paramiko [192.168.99.3] INFO| Authentication (password) successful!
2026-09-24 15:04:32,471 p=45 u=www-data n=p=45 u=www-data | paramiko [192.168.99.4] INFO| Authentication (password) successful!
2026-09-24 15:04:32,640 p=44 u=www-data n=p=44 u=www-data | paramiko [192.168.99.2] INFO| Authentication (password) successful!
2026-09-24 15:04:34,611 p=24 u=www-data n=ansible INFO| ok: [SW_2]
2026-09-24 15:04:34,619 p=24 u=www-data n=ansible INFO| ok: [SW_CORE]
2026-09-24 15:04:34,775 p=24 u=www-data n=ansible INFO| ok: [SW_1]
2026-09-24 15:04:34,782 p=24 u=www-data n=ansible INFO| TASK [Obtener Direccionamiento IP e Interfaces L3 (Routers y Switches)] ********
2026-09-24 15:04:42,418 p=24 u=www-data n=ansible INFO| network_os is set to cisco.ios.ios
2026-09-24 15:04:42,501 p=70 u=www-data n=p=70 u=www-data | paramiko [192.168.99.1] INFO| Connected (version 2.0, client Cisco-1.25)
2026-09-24 15:04:42,730 p=24 u=www-data n=ansible INFO| ok: [SW_2]
2026-09-24 15:04:42,968 p=24 u=www-data n=ansible INFO| ok: [SW_1]
2026-09-24 15:04:43,014 p=24 u=www-data n=ansible INFO| ok: [SW_CORE]
2026-09-24 15:04:43,093 p=70 u=www-data n=p=70 u=www-data | paramiko [192.168.99.1] INFO| Authentication (password) successful!
2026-09-24 15:04:44,763 p=24 u=www-data n=ansible INFO| ok: [R1-TEST]
2026-09-24 15:04:44,770 p=24 u=www-data n=ansible INFO| TASK [Obtener Tabla de Enrutamiento L3] ****************************************
2026-09-24 15:04:51,479 p=24 u=www-data n=ansible INFO| ok: [SW_1]
2026-09-24 15:04:51,682 p=24 u=www-data n=ansible INFO| ok: [SW_2]
2026-09-24 15:04:51,815 p=24 u=www-data n=ansible INFO| ok: [R1-TEST]
2026-09-24 15:04:51,823 p=24 u=www-data n=ansible INFO| ok: [SW_CORE]
2026-09-24 15:04:51,954 p=24 u=www-data n=ansible INFO| TASK [Obtener Datos de Seguridad] **********************************************
2026-09-24 15:05:57,090 p=44 u=www-data n=ansible INFO| command timeout triggered, timeout value is 60 secs.
See the timeout setting options in the Network Debug and Troubleshooting Guide.
2026-09-24 15:05:57,248 p=48 u=www-data n=ansible INFO| command timeout triggered, timeout value is 60 secs.
See the timeout setting options in the Network Debug and Troubleshooting Guide.
2026-09-24 15:05:57,303 p=24 u=www-data n=ansible ERROR| [ERROR]: Task failed: Action failed: command timeout triggered, timeout value is 60 secs.
See the timeout setting options in the Network Debug and Troubleshooting Guide.
Origin: /var/www/html/documentador-red/automation/ansible_project/playbooks/network_info.yml:43:7

41     # 2. AUDITORÍA DE SEGURIDAD (Comandos Raw con Rescate)
42     # =========================================================
43     - name: Obtener Datos de Seguridad
         ^ column 7


2026-09-24 15:05:57,305 p=24 u=www-data n=ansible INFO| fatal: [SW_CORE]: FAILED! => {"changed": false, "msg": "command timeout triggered, timeout value is 60 secs.\nSee the timeout setting options in the Network Debug and Troubleshooting Guide."}
2026-09-24 15:05:57,305 p=24 u=www-data n=ansible INFO| ...ignoring
2026-09-24 15:05:57,306 p=24 u=www-data n=ansible INFO| fatal: [SW_1]: FAILED! => {"changed": false, "msg": "command timeout triggered, timeout value is 60 secs.\nSee the timeout setting options in the Network Debug and Troubleshooting Guide."}
2026-09-24 15:05:57,307 p=24 u=www-data n=ansible INFO| ...ignoring
2026-09-24 15:05:57,326 p=70 u=www-data n=ansible INFO| command timeout triggered, timeout value is 60 secs.
See the timeout setting options in the Network Debug and Troubleshooting Guide.
2026-09-24 15:05:57,351 p=45 u=www-data n=ansible INFO| command timeout triggered, timeout value is 60 secs.
See the timeout setting options in the Network Debug and Troubleshooting Guide.
2026-09-24 15:05:57,361 p=24 u=www-data n=ansible INFO| fatal: [R1-TEST]: FAILED! => {"changed": false, "msg": "command timeout triggered, timeout value is 60 secs.\nSee the timeout setting options in the Network Debug and Troubleshooting Guide."}
2026-09-24 15:05:57,361 p=24 u=www-data n=ansible INFO| ...ignoring
2026-09-24 15:05:57,391 p=24 u=www-data n=ansible INFO| fatal: [SW_2]: FAILED! => {"changed": false, "msg": "command timeout triggered, timeout value is 60 secs.\nSee the timeout setting options in the Network Debug and Troubleshooting Guide."}
2026-09-24 15:05:57,391 p=24 u=www-data n=ansible INFO| ...ignoring
2026-09-24 15:05:57,410 p=24 u=www-data n=ansible INFO| TASK [Estructurar Variables de Seguridad (Blindaje)] ***************************
2026-09-24 15:05:58,531 p=24 u=www-data n=ansible INFO| ok: [SW_1]
2026-09-24 15:05:58,612 p=24 u=www-data n=ansible INFO| ok: [SW_CORE]
2026-09-24 15:05:58,679 p=24 u=www-data n=ansible INFO| ok: [SW_2]
2026-09-24 15:05:58,686 p=24 u=www-data n=ansible INFO| ok: [R1-TEST]
2026-09-24 15:05:58,715 p=24 u=www-data n=ansible INFO| TASK [Inyectar Puertos L2 de Switches a MySQL] *********************************
2026-09-24 15:06:01,104 p=24 u=www-data n=ansible INFO| changed: [SW_CORE -> localhost]
2026-09-24 15:06:02,599 p=24 u=www-data n=ansible INFO| changed: [SW_1 -> localhost]
2026-09-24 15:06:04,096 p=24 u=www-data n=ansible INFO| changed: [SW_2 -> localhost]
2026-09-24 15:06:04,135 p=24 u=www-data n=ansible INFO| skipping: [R1-TEST]
2026-09-24 15:06:04,141 p=24 u=www-data n=ansible INFO| TASK [Inyectar Interfaces L3 y SVIs (Routers y Switches) a MySQL] **************
2026-09-24 15:06:05,645 p=24 u=www-data n=ansible INFO| changed: [SW_CORE -> localhost]
2026-09-24 15:06:07,101 p=24 u=www-data n=ansible INFO| changed: [SW_1 -> localhost]
2026-09-24 15:06:08,560 p=24 u=www-data n=ansible INFO| changed: [SW_2 -> localhost]
2026-09-24 15:06:10,117 p=24 u=www-data n=ansible INFO| changed: [R1-TEST -> localhost]
2026-09-24 15:06:10,122 p=24 u=www-data n=ansible INFO| TASK [Inyectar Tabla de Enrutamiento a MySQL] **********************************
2026-09-24 15:06:11,644 p=24 u=www-data n=ansible INFO| changed: [SW_CORE -> localhost]
2026-09-24 15:06:13,112 p=24 u=www-data n=ansible INFO| changed: [SW_1 -> localhost]
2026-09-24 15:06:14,592 p=24 u=www-data n=ansible INFO| changed: [SW_2 -> localhost]
2026-09-24 15:06:16,056 p=24 u=www-data n=ansible INFO| changed: [R1-TEST -> localhost]
2026-09-24 15:06:16,062 p=24 u=www-data n=ansible INFO| TASK [Inyectar Auditoría de Seguridad a MySQL] *********************************
2026-09-24 15:06:17,585 p=24 u=www-data n=ansible INFO| changed: [SW_CORE -> localhost]
2026-09-24 15:06:19,026 p=24 u=www-data n=ansible INFO| changed: [SW_1 -> localhost]
2026-09-24 15:06:20,491 p=24 u=www-data n=ansible INFO| changed: [SW_2 -> localhost]
2026-09-24 15:06:21,930 p=24 u=www-data n=ansible INFO| changed: [R1-TEST -> localhost]
2026-09-24 15:06:21,936 p=24 u=www-data n=ansible INFO| TASK [Crear directorio backup host] ********************************************
2026-09-24 15:06:24,350 p=24 u=www-data n=ansible INFO| ok: [R1-TEST -> localhost]
2026-09-24 15:06:24,646 p=24 u=www-data n=ansible INFO| ok: [SW_1 -> localhost]
2026-09-24 15:06:24,661 p=24 u=www-data n=ansible INFO| ok: [SW_2 -> localhost]
2026-09-24 15:06:24,711 p=24 u=www-data n=ansible INFO| ok: [SW_CORE -> localhost]
2026-09-24 15:06:24,717 p=24 u=www-data n=ansible INFO| TASK [Obtener Running Config] **************************************************
2026-09-24 15:06:29,792 p=24 u=www-data n=ansible ERROR| [ERROR]: Task failed: Action failed: cli prompt is not identified from the last received response window: b'192.168.30.1/32 is directly connected, Ethernet0/1.30\r\n      192.168.99.0/24 is variably subnetted, 2 subnets, 2 masks\r\nC        192.168.99.0/24 is directly connected, Ethernet0/1.99\r\nL        192.168.99.1/32 is directly connected, Ethernet0/1.99\r\nR1-TEST#'
Origin: /var/www/html/documentador-red/automation/ansible_project/playbooks/network_info.yml:111:7

109         ansible_become: false
110
111     - name: Obtener Running Config
          ^ column 7


2026-09-24 15:06:29,797 p=24 u=www-data n=ansible INFO| fatal: [R1-TEST]: FAILED! => {"changed": false, "msg": "cli prompt is not identified from the last received response window: b'192.168.30.1/32 is directly connected, Ethernet0/1.30\\r\\n      192.168.99.0/24 is variably subnetted, 2 subnets, 2 masks\\r\\nC        192.168.99.0/24 is directly connected, Ethernet0/1.99\\r\\nL        192.168.99.1/32 is directly connected, Ethernet0/1.99\\r\\nR1-TEST#'"}
2026-09-24 15:06:29,797 p=24 u=www-data n=ansible INFO| ...ignoring
2026-09-24 15:06:30,082 p=24 u=www-data n=ansible ERROR| [ERROR]: Task failed: Action failed: cli prompt is not identified from the last received response window: b'168.99.1 to network 0.0.0.0\r\n\r\nS*    0.0.0.0/0 [1/0] via 192.168.99.1\r\n      192.168.99.0/24 is variably subnetted, 2 subnets, 2 masks\r\nC        192.168.99.0/24 is directly connected, Vlan99\r\nL        192.168.99.2/32 is directly connected, Vlan99\r\nSW_CORE#'
Origin: /var/www/html/documentador-red/automation/ansible_project/playbooks/network_info.yml:111:7

109         ansible_become: false
110
111     - name: Obtener Running Config
          ^ column 7


2026-09-24 15:06:30,083 p=24 u=www-data n=ansible INFO| fatal: [SW_CORE]: FAILED! => {"changed": false, "msg": "cli prompt is not identified from the last received response window: b'168.99.1 to network 0.0.0.0\\r\\n\\r\\nS*    0.0.0.0/0 [1/0] via 192.168.99.1\\r\\n      192.168.99.0/24 is variably subnetted, 2 subnets, 2 masks\\r\\nC        192.168.99.0/24 is directly connected, Vlan99\\r\\nL        192.168.99.2/32 is directly connected, Vlan99\\r\\nSW_CORE#'"}
2026-09-24 15:06:30,084 p=24 u=www-data n=ansible INFO| ...ignoring
2026-09-24 15:06:30,164 p=24 u=www-data n=ansible ERROR| [ERROR]: Task failed: Action failed: cli prompt is not identified from the last received response window: b'92.168.99.1 to network 0.0.0.0\r\n\r\nS*    0.0.0.0/0 [1/0] via 192.168.99.1\r\n      192.168.99.0/24 is variably subnetted, 2 subnets, 2 masks\r\nC        192.168.99.0/24 is directly connected, Vlan99\r\nL        192.168.99.3/32 is directly connected, Vlan99\r\nSW_1#'
Origin: /var/www/html/documentador-red/automation/ansible_project/playbooks/network_info.yml:111:7

109         ansible_become: false
110
111     - name: Obtener Running Config
          ^ column 7


2026-09-24 15:06:30,166 p=24 u=www-data n=ansible INFO| fatal: [SW_1]: FAILED! => {"changed": false, "msg": "cli prompt is not identified from the last received response window: b'92.168.99.1 to network 0.0.0.0\\r\\n\\r\\nS*    0.0.0.0/0 [1/0] via 192.168.99.1\\r\\n      192.168.99.0/24 is variably subnetted, 2 subnets, 2 masks\\r\\nC        192.168.99.0/24 is directly connected, Vlan99\\r\\nL        192.168.99.3/32 is directly connected, Vlan99\\r\\nSW_1#'"}
2026-09-24 15:06:30,167 p=24 u=www-data n=ansible INFO| ...ignoring
2026-09-24 15:06:30,250 p=24 u=www-data n=ansible ERROR| [ERROR]: Task failed: Action failed: cli prompt is not identified from the last received response window: b'92.168.99.1 to network 0.0.0.0\r\n\r\nS*    0.0.0.0/0 [1/0] via 192.168.99.1\r\n      192.168.99.0/24 is variably subnetted, 2 subnets, 2 masks\r\nC        192.168.99.0/24 is directly connected, Vlan99\r\nL        192.168.99.4/32 is directly connected, Vlan99\r\nSW_2#'
Origin: /var/www/html/documentador-red/automation/ansible_project/playbooks/network_info.yml:111:7

109         ansible_become: false
110
111     - name: Obtener Running Config
          ^ column 7


2026-09-24 15:06:30,250 p=24 u=www-data n=ansible INFO| fatal: [SW_2]: FAILED! => {"changed": false, "msg": "cli prompt is not identified from the last received response window: b'92.168.99.1 to network 0.0.0.0\\r\\n\\r\\nS*    0.0.0.0/0 [1/0] via 192.168.99.1\\r\\n      192.168.99.0/24 is variably subnetted, 2 subnets, 2 masks\\r\\nC        192.168.99.0/24 is directly connected, Vlan99\\r\\nL        192.168.99.4/32 is directly connected, Vlan99\\r\\nSW_2#'"}
2026-09-24 15:06:30,251 p=24 u=www-data n=ansible INFO| ...ignoring
2026-09-24 15:06:30,299 p=24 u=www-data n=ansible INFO| TASK [Guardar Archivo de Backup] ***********************************************
2026-09-24 15:06:30,401 p=24 u=www-data n=ansible INFO| skipping: [SW_CORE]
2026-09-24 15:06:30,419 p=24 u=www-data n=ansible INFO| skipping: [SW_1]
2026-09-24 15:06:30,436 p=24 u=www-data n=ansible INFO| skipping: [SW_2]
2026-09-24 15:06:30,465 p=24 u=www-data n=ansible INFO| skipping: [R1-TEST]
2026-09-24 15:06:30,479 p=24 u=www-data n=ansible INFO| PLAY RECAP *********************************************************************
2026-09-24 15:06:30,479 p=24 u=www-data n=ansible INFO| R1-TEST                    : ok=9    changed=3    unreachable=0    failed=0    skipped=3    rescued=0    ignored=2   
2026-09-24 15:06:30,479 p=24 u=www-data n=ansible INFO| SW_1                       : ok=11   changed=4    unreachable=0    failed=0    skipped=1    rescued=0    ignored=2   
2026-09-24 15:06:30,479 p=24 u=www-data n=ansible INFO| SW_2                       : ok=11   changed=4    unreachable=0    failed=0    skipped=1    rescued=0    ignored=2   
2026-09-24 15:06:30,480 p=24 u=www-data n=ansible INFO| SW_CORE                    : ok=11   changed=4    unreachable=0    failed=0    skipped=1    rescued=0    ignored=2   
2026-09-24 15:06:30,572 p=44 u=www-data n=ansible INFO| shutdown complete
2026-09-24 15:06:30,576 p=48 u=www-data n=ansible INFO| shutdown complete
2026-09-24 15:06:30,578 p=70 u=www-data n=ansible INFO| shutdown complete
2026-09-24 15:06:30,580 p=45 u=www-data n=ansible INFO| shutdown complete
2026-09-24 15:07:57,466 p=533 u=www-data n=ansible INFO| PLAY [Auditoría Estructural Universal (Switches L2/L3 y Routers)] **************
2026-09-24 15:07:57,583 p=533 u=www-data n=ansible INFO| TASK [Obtener Estado Fisico y VLANs (Switches L2/L3)] **************************
2026-09-24 15:07:57,807 p=533 u=www-data n=ansible INFO| skipping: [R1-TEST]
2026-09-24 15:08:02,154 p=533 u=www-data n=ansible INFO| network_os is set to cisco.ios.ios
2026-09-24 15:08:02,221 p=533 u=www-data n=ansible INFO| network_os is set to cisco.ios.ios
2026-09-24 15:08:02,611 p=533 u=www-data n=ansible INFO| network_os is set to cisco.ios.ios
2026-09-24 15:08:05,315 p=533 u=www-data n=ansible ERROR| [ERROR]: Task failed: Action failed: ['[Errno None] Unable to connect to port 22 on 192.168.99.3']
Origin: /var/www/html/documentador-red/automation/ansible_project/playbooks/network_info.yml:15:7

13     # 1. PARSEOS TEXTFSM UNIVERSALES
14     # =========================================================
15     - name: Obtener Estado Fisico y VLANs (Switches L2/L3)
         ^ column 7


2026-09-24 15:08:05,317 p=533 u=www-data n=ansible INFO| fatal: [SW_1]: FAILED! => {"changed": false, "msg": ["[Errno None] Unable to connect to port 22 on 192.168.99.3"]}
2026-09-24 15:08:05,318 p=533 u=www-data n=ansible INFO| ...ignoring
2026-09-24 15:08:05,320 p=533 u=www-data n=ansible ERROR| [ERROR]: Task failed: Action failed: ['[Errno None] Unable to connect to port 22 on 192.168.99.4']
Origin: /var/www/html/documentador-red/automation/ansible_project/playbooks/network_info.yml:15:7

13     # 1. PARSEOS TEXTFSM UNIVERSALES
14     # =========================================================
15     - name: Obtener Estado Fisico y VLANs (Switches L2/L3)
         ^ column 7


2026-09-24 15:08:05,321 p=533 u=www-data n=ansible INFO| fatal: [SW_2]: FAILED! => {"changed": false, "msg": ["[Errno None] Unable to connect to port 22 on 192.168.99.4"]}
2026-09-24 15:08:05,321 p=533 u=www-data n=ansible INFO| ...ignoring
2026-09-24 15:08:05,325 p=533 u=www-data n=ansible ERROR| [ERROR]: Task failed: Action failed: ['[Errno None] Unable to connect to port 22 on 192.168.99.2']
Origin: /var/www/html/documentador-red/automation/ansible_project/playbooks/network_info.yml:15:7

13     # 1. PARSEOS TEXTFSM UNIVERSALES
14     # =========================================================
15     - name: Obtener Estado Fisico y VLANs (Switches L2/L3)
         ^ column 7


2026-09-24 15:08:05,326 p=533 u=www-data n=ansible INFO| fatal: [SW_CORE]: FAILED! => {"changed": false, "msg": ["[Errno None] Unable to connect to port 22 on 192.168.99.2"]}
2026-09-24 15:08:05,326 p=533 u=www-data n=ansible INFO| ...ignoring
2026-09-24 15:08:05,332 p=533 u=www-data n=ansible INFO| TASK [Obtener Direccionamiento IP e Interfaces L3 (Routers y Switches)] ********
2026-09-24 15:08:11,157 p=533 u=www-data n=ansible INFO| network_os is set to cisco.ios.ios
2026-09-24 15:08:13,663 p=533 u=www-data n=ansible ERROR| [ERROR]: Task failed: Action failed: ['[Errno None] Unable to connect to port 22 on 192.168.99.3']
Origin: /var/www/html/documentador-red/automation/ansible_project/playbooks/network_info.yml:24:7

22       ignore_errors: yes
23
24     - name: Obtener Direccionamiento IP e Interfaces L3 (Routers y Switches)
         ^ column 7


2026-09-24 15:08:13,670 p=533 u=www-data n=ansible INFO| fatal: [SW_1]: FAILED! => {"changed": false, "msg": ["[Errno None] Unable to connect to port 22 on 192.168.99.3"]}
2026-09-24 15:08:13,670 p=533 u=www-data n=ansible INFO| ...ignoring
2026-09-24 15:08:13,672 p=533 u=www-data n=ansible ERROR| [ERROR]: Task failed: Action failed: ['[Errno None] Unable to connect to port 22 on 192.168.99.4']
Origin: /var/www/html/documentador-red/automation/ansible_project/playbooks/network_info.yml:24:7

22       ignore_errors: yes
23
24     - name: Obtener Direccionamiento IP e Interfaces L3 (Routers y Switches)
         ^ column 7


2026-09-24 15:08:13,674 p=533 u=www-data n=ansible INFO| fatal: [SW_2]: FAILED! => {"changed": false, "msg": ["[Errno None] Unable to connect to port 22 on 192.168.99.4"]}
2026-09-24 15:08:13,675 p=533 u=www-data n=ansible INFO| ...ignoring
2026-09-24 15:08:13,690 p=533 u=www-data n=ansible ERROR| [ERROR]: Task failed: Action failed: ['[Errno None] Unable to connect to port 22 on 192.168.99.2']
Origin: /var/www/html/documentador-red/automation/ansible_project/playbooks/network_info.yml:24:7

22       ignore_errors: yes
23
24     - name: Obtener Direccionamiento IP e Interfaces L3 (Routers y Switches)
         ^ column 7


2026-09-24 15:08:13,691 p=533 u=www-data n=ansible INFO| fatal: [SW_CORE]: FAILED! => {"changed": false, "msg": ["[Errno None] Unable to connect to port 22 on 192.168.99.2"]}
2026-09-24 15:08:13,691 p=533 u=www-data n=ansible INFO| ...ignoring
2026-09-24 15:08:13,695 p=533 u=www-data n=ansible ERROR| [ERROR]: Task failed: Action failed: ['[Errno None] Unable to connect to port 22 on 192.168.99.1']
Origin: /var/www/html/documentador-red/automation/ansible_project/playbooks/network_info.yml:24:7

22       ignore_errors: yes
23
24     - name: Obtener Direccionamiento IP e Interfaces L3 (Routers y Switches)
         ^ column 7


2026-09-24 15:08:13,698 p=533 u=www-data n=ansible INFO| fatal: [R1-TEST]: FAILED! => {"changed": false, "msg": ["[Errno None] Unable to connect to port 22 on 192.168.99.1"]}
2026-09-24 15:08:13,699 p=533 u=www-data n=ansible INFO| ...ignoring
2026-09-24 15:08:13,706 p=533 u=www-data n=ansible INFO| TASK [Obtener Tabla de Enrutamiento L3] ****************************************
2026-09-24 15:08:22,786 p=533 u=www-data n=ansible ERROR| [ERROR]: Task failed: Action failed: ['[Errno None] Unable to connect to port 22 on 192.168.99.3']
Origin: /var/www/html/documentador-red/automation/ansible_project/playbooks/network_info.yml:32:7

30       ignore_errors: yes
31
32     - name: Obtener Tabla de Enrutamiento L3
         ^ column 7


2026-09-24 15:08:22,792 p=533 u=www-data n=ansible INFO| fatal: [SW_1]: FAILED! => {"changed": false, "msg": ["[Errno None] Unable to connect to port 22 on 192.168.99.3"]}
2026-09-24 15:08:22,792 p=533 u=www-data n=ansible INFO| ...ignoring
2026-09-24 15:08:22,797 p=533 u=www-data n=ansible ERROR| [ERROR]: Task failed: Action failed: ['[Errno None] Unable to connect to port 22 on 192.168.99.4']
Origin: /var/www/html/documentador-red/automation/ansible_project/playbooks/network_info.yml:32:7

30       ignore_errors: yes
31
32     - name: Obtener Tabla de Enrutamiento L3
         ^ column 7


2026-09-24 15:08:22,801 p=533 u=www-data n=ansible INFO| fatal: [SW_2]: FAILED! => {"changed": false, "msg": ["[Errno None] Unable to connect to port 22 on 192.168.99.4"]}
2026-09-24 15:08:22,801 p=533 u=www-data n=ansible INFO| ...ignoring
2026-09-24 15:08:22,809 p=533 u=www-data n=ansible ERROR| [ERROR]: Task failed: Action failed: ['[Errno None] Unable to connect to port 22 on 192.168.99.2']
Origin: /var/www/html/documentador-red/automation/ansible_project/playbooks/network_info.yml:32:7

30       ignore_errors: yes
31
32     - name: Obtener Tabla de Enrutamiento L3
         ^ column 7


2026-09-24 15:08:22,810 p=533 u=www-data n=ansible INFO| fatal: [SW_CORE]: FAILED! => {"changed": false, "msg": ["[Errno None] Unable to connect to port 22 on 192.168.99.2"]}
2026-09-24 15:08:22,810 p=533 u=www-data n=ansible INFO| ...ignoring
2026-09-24 15:08:22,811 p=533 u=www-data n=ansible ERROR| [ERROR]: Task failed: Action failed: ['[Errno None] Unable to connect to port 22 on 192.168.99.1']
Origin: /var/www/html/documentador-red/automation/ansible_project/playbooks/network_info.yml:32:7

30       ignore_errors: yes
31
32     - name: Obtener Tabla de Enrutamiento L3
         ^ column 7


2026-09-24 15:08:22,814 p=533 u=www-data n=ansible INFO| fatal: [R1-TEST]: FAILED! => {"changed": false, "msg": ["[Errno None] Unable to connect to port 22 on 192.168.99.1"]}
2026-09-24 15:08:22,815 p=533 u=www-data n=ansible INFO| ...ignoring
2026-09-24 15:08:22,840 p=533 u=www-data n=ansible INFO| TASK [Obtener Datos de Seguridad] **********************************************
2026-09-24 15:08:31,050 p=533 u=www-data n=ansible ERROR| [ERROR]: Task failed: Action failed: [Errno None] Unable to connect to port 22 on 192.168.99.4
Origin: /var/www/html/documentador-red/automation/ansible_project/playbooks/network_info.yml:43:7

41     # 2. AUDITORÍA DE SEGURIDAD (Comandos Raw con Rescate)
42     # =========================================================
43     - name: Obtener Datos de Seguridad
         ^ column 7


2026-09-24 15:08:31,055 p=533 u=www-data n=ansible INFO| fatal: [SW_2]: FAILED! => {"changed": false, "msg": "[Errno None] Unable to connect to port 22 on 192.168.99.4"}
2026-09-24 15:08:31,056 p=533 u=www-data n=ansible INFO| ...ignoring
2026-09-24 15:08:31,075 p=533 u=www-data n=ansible ERROR| [ERROR]: Task failed: Action failed: [Errno None] Unable to connect to port 22 on 192.168.99.2
Origin: /var/www/html/documentador-red/automation/ansible_project/playbooks/network_info.yml:43:7

41     # 2. AUDITORÍA DE SEGURIDAD (Comandos Raw con Rescate)
42     # =========================================================
43     - name: Obtener Datos de Seguridad
         ^ column 7


2026-09-24 15:08:31,076 p=533 u=www-data n=ansible INFO| fatal: [SW_CORE]: FAILED! => {"changed": false, "msg": "[Errno None] Unable to connect to port 22 on 192.168.99.2"}
2026-09-24 15:08:31,076 p=533 u=www-data n=ansible INFO| ...ignoring
2026-09-24 15:08:31,081 p=533 u=www-data n=ansible ERROR| [ERROR]: Task failed: Action failed: [Errno None] Unable to connect to port 22 on 192.168.99.3
Origin: /var/www/html/documentador-red/automation/ansible_project/playbooks/network_info.yml:43:7

41     # 2. AUDITORÍA DE SEGURIDAD (Comandos Raw con Rescate)
42     # =========================================================
43     - name: Obtener Datos de Seguridad
         ^ column 7


2026-09-24 15:08:31,082 p=533 u=www-data n=ansible INFO| fatal: [SW_1]: FAILED! => {"changed": false, "msg": "[Errno None] Unable to connect to port 22 on 192.168.99.3"}
2026-09-24 15:08:31,082 p=533 u=www-data n=ansible INFO| ...ignoring
2026-09-24 15:08:31,090 p=533 u=www-data n=ansible ERROR| [ERROR]: Task failed: Action failed: [Errno None] Unable to connect to port 22 on 192.168.99.1
Origin: /var/www/html/documentador-red/automation/ansible_project/playbooks/network_info.yml:43:7

41     # 2. AUDITORÍA DE SEGURIDAD (Comandos Raw con Rescate)
42     # =========================================================
43     - name: Obtener Datos de Seguridad
         ^ column 7


2026-09-24 15:08:31,091 p=533 u=www-data n=ansible INFO| fatal: [R1-TEST]: FAILED! => {"changed": false, "msg": "[Errno None] Unable to connect to port 22 on 192.168.99.1"}
2026-09-24 15:08:31,091 p=533 u=www-data n=ansible INFO| ...ignoring
2026-09-24 15:08:31,098 p=533 u=www-data n=ansible INFO| TASK [Estructurar Variables de Seguridad (Blindaje)] ***************************
2026-09-24 15:08:32,179 p=533 u=www-data n=ansible INFO| ok: [SW_CORE]
2026-09-24 15:08:32,298 p=533 u=www-data n=ansible INFO| ok: [SW_1]
2026-09-24 15:08:32,352 p=533 u=www-data n=ansible INFO| ok: [SW_2]
2026-09-24 15:08:32,367 p=533 u=www-data n=ansible INFO| ok: [R1-TEST]
2026-09-24 15:08:32,374 p=533 u=www-data n=ansible INFO| TASK [Inyectar Puertos L2 de Switches a MySQL] *********************************
2026-09-24 15:08:32,448 p=533 u=www-data n=ansible INFO| skipping: [SW_CORE]
2026-09-24 15:08:32,512 p=533 u=www-data n=ansible INFO| skipping: [SW_1]
2026-09-24 15:08:32,576 p=533 u=www-data n=ansible INFO| skipping: [SW_2]
2026-09-24 15:08:32,614 p=533 u=www-data n=ansible INFO| skipping: [R1-TEST]
2026-09-24 15:08:32,619 p=533 u=www-data n=ansible INFO| TASK [Inyectar Interfaces L3 y SVIs (Routers y Switches) a MySQL] **************
2026-09-24 15:08:32,689 p=533 u=www-data n=ansible INFO| skipping: [SW_CORE]
2026-09-24 15:08:32,752 p=533 u=www-data n=ansible INFO| skipping: [SW_1]
2026-09-24 15:08:32,813 p=533 u=www-data n=ansible INFO| skipping: [SW_2]
2026-09-24 15:08:32,863 p=533 u=www-data n=ansible INFO| skipping: [R1-TEST]
2026-09-24 15:08:32,869 p=533 u=www-data n=ansible INFO| TASK [Inyectar Tabla de Enrutamiento a MySQL] **********************************
2026-09-24 15:08:32,938 p=533 u=www-data n=ansible INFO| skipping: [SW_CORE]
2026-09-24 15:08:32,998 p=533 u=www-data n=ansible INFO| skipping: [SW_1]
2026-09-24 15:08:33,059 p=533 u=www-data n=ansible INFO| skipping: [SW_2]
2026-09-24 15:08:33,110 p=533 u=www-data n=ansible INFO| skipping: [R1-TEST]
2026-09-24 15:08:33,115 p=533 u=www-data n=ansible INFO| TASK [Inyectar Auditoría de Seguridad a MySQL] *********************************
2026-09-24 15:08:34,996 p=533 u=www-data n=ansible INFO| changed: [SW_CORE -> localhost]
2026-09-24 15:08:36,475 p=533 u=www-data n=ansible INFO| changed: [SW_1 -> localhost]
2026-09-24 15:08:37,914 p=533 u=www-data n=ansible INFO| changed: [SW_2 -> localhost]
2026-09-24 15:08:39,334 p=533 u=www-data n=ansible INFO| changed: [R1-TEST -> localhost]
2026-09-24 15:08:39,340 p=533 u=www-data n=ansible INFO| TASK [Crear directorio backup host] ********************************************
2026-09-24 15:08:41,799 p=533 u=www-data n=ansible INFO| ok: [R1-TEST -> localhost]
2026-09-24 15:08:41,907 p=533 u=www-data n=ansible INFO| ok: [SW_2 -> localhost]
2026-09-24 15:08:42,062 p=533 u=www-data n=ansible INFO| ok: [SW_CORE -> localhost]
2026-09-24 15:08:42,111 p=533 u=www-data n=ansible INFO| ok: [SW_1 -> localhost]
2026-09-24 15:08:42,117 p=533 u=www-data n=ansible INFO| TASK [Obtener Running Config] **************************************************
2026-09-24 15:08:50,439 p=533 u=www-data n=ansible ERROR| [ERROR]: Task failed: Action failed: [Errno None] Unable to connect to port 22 on 192.168.99.2
Origin: /var/www/html/documentador-red/automation/ansible_project/playbooks/network_info.yml:111:7

109         ansible_become: false
110
111     - name: Obtener Running Config
          ^ column 7


2026-09-24 15:08:50,445 p=533 u=www-data n=ansible INFO| fatal: [SW_CORE]: FAILED! => {"changed": false, "msg": "[Errno None] Unable to connect to port 22 on 192.168.99.2"}
2026-09-24 15:08:50,445 p=533 u=www-data n=ansible INFO| ...ignoring
2026-09-24 15:08:50,453 p=533 u=www-data n=ansible ERROR| [ERROR]: Task failed: Action failed: [Errno None] Unable to connect to port 22 on 192.168.99.1
Origin: /var/www/html/documentador-red/automation/ansible_project/playbooks/network_info.yml:111:7

109         ansible_become: false
110
111     - name: Obtener Running Config
          ^ column 7


2026-09-24 15:08:50,454 p=533 u=www-data n=ansible INFO| fatal: [R1-TEST]: FAILED! => {"changed": false, "msg": "[Errno None] Unable to connect to port 22 on 192.168.99.1"}
2026-09-24 15:08:50,456 p=533 u=www-data n=ansible INFO| ...ignoring
2026-09-24 15:08:50,464 p=533 u=www-data n=ansible ERROR| [ERROR]: Task failed: Action failed: [Errno None] Unable to connect to port 22 on 192.168.99.4
Origin: /var/www/html/documentador-red/automation/ansible_project/playbooks/network_info.yml:111:7

109         ansible_become: false
110
111     - name: Obtener Running Config
          ^ column 7


2026-09-24 15:08:50,465 p=533 u=www-data n=ansible INFO| fatal: [SW_2]: FAILED! => {"changed": false, "msg": "[Errno None] Unable to connect to port 22 on 192.168.99.4"}
2026-09-24 15:08:50,465 p=533 u=www-data n=ansible INFO| ...ignoring
2026-09-24 15:08:50,466 p=533 u=www-data n=ansible ERROR| [ERROR]: Task failed: Action failed: [Errno None] Unable to connect to port 22 on 192.168.99.3
Origin: /var/www/html/documentador-red/automation/ansible_project/playbooks/network_info.yml:111:7

109         ansible_become: false
110
111     - name: Obtener Running Config
          ^ column 7


2026-09-24 15:08:50,469 p=533 u=www-data n=ansible INFO| fatal: [SW_1]: FAILED! => {"changed": false, "msg": "[Errno None] Unable to connect to port 22 on 192.168.99.3"}
2026-09-24 15:08:50,470 p=533 u=www-data n=ansible INFO| ...ignoring
2026-09-24 15:08:50,477 p=533 u=www-data n=ansible INFO| TASK [Guardar Archivo de Backup] ***********************************************
2026-09-24 15:08:50,576 p=533 u=www-data n=ansible INFO| skipping: [SW_CORE]
2026-09-24 15:08:50,601 p=533 u=www-data n=ansible INFO| skipping: [SW_1]
2026-09-24 15:08:50,633 p=533 u=www-data n=ansible INFO| skipping: [SW_2]
2026-09-24 15:08:50,658 p=533 u=www-data n=ansible INFO| skipping: [R1-TEST]
2026-09-24 15:08:50,671 p=533 u=www-data n=ansible INFO| PLAY RECAP *********************************************************************
2026-09-24 15:08:50,672 p=533 u=www-data n=ansible INFO| R1-TEST                    : ok=7    changed=1    unreachable=0    failed=0    skipped=5    rescued=0    ignored=4   
2026-09-24 15:08:50,672 p=533 u=www-data n=ansible INFO| SW_1                       : ok=8    changed=1    unreachable=0    failed=0    skipped=4    rescued=0    ignored=5   
2026-09-24 15:08:50,672 p=533 u=www-data n=ansible INFO| SW_2                       : ok=8    changed=1    unreachable=0    failed=0    skipped=4    rescued=0    ignored=5   
2026-09-24 15:08:50,673 p=533 u=www-data n=ansible INFO| SW_CORE                    : ok=8    changed=1    unreachable=0    failed=0    skipped=4    rescued=0    ignored=5   
2026-09-24 15:08:50,768 p=554 u=www-data n=ansible INFO| shutdown complete
2026-09-24 15:08:50,769 p=551 u=www-data n=ansible INFO| shutdown complete
2026-09-24 15:08:50,772 p=557 u=www-data n=ansible INFO| shutdown complete
2026-09-24 15:08:50,774 p=572 u=www-data n=ansible INFO| shutdown complete
2026-09-24 15:10:22,141 p=802 u=www-data n=ansible INFO| PLAY [Auditoría Estructural Universal (Switches L2/L3 y Routers)] **************
2026-09-24 15:10:22,175 p=802 u=www-data n=ansible INFO| TASK [Obtener Estado Fisico y VLANs (Switches L2/L3)] **************************
2026-09-24 15:10:22,338 p=802 u=www-data n=ansible INFO| skipping: [R1-TEST]
2026-09-24 15:10:26,733 p=802 u=www-data n=ansible INFO| network_os is set to cisco.ios.ios
2026-09-24 15:10:26,813 p=820 u=www-data n=p=820 u=www-data | paramiko [192.168.99.3] INFO| Connected (version 2.0, client Cisco-1.25)
2026-09-24 15:10:26,962 p=802 u=www-data n=ansible INFO| network_os is set to cisco.ios.ios
2026-09-24 15:10:26,990 p=823 u=www-data n=p=823 u=www-data | paramiko [192.168.99.4] INFO| Connected (version 1.99, client Cisco-1.25)
2026-09-24 15:10:27,080 p=802 u=www-data n=ansible INFO| network_os is set to cisco.ios.ios
2026-09-24 15:10:27,133 p=826 u=www-data n=p=826 u=www-data | paramiko [192.168.99.2] INFO| Connected (version 2.0, client Cisco-1.25)
2026-09-24 15:10:27,352 p=820 u=www-data n=p=820 u=www-data | paramiko [192.168.99.3] INFO| Authentication (password) successful!
2026-09-24 15:10:27,571 p=826 u=www-data n=p=826 u=www-data | paramiko [192.168.99.2] INFO| Authentication (password) successful!
2026-09-24 15:10:27,628 p=823 u=www-data n=p=823 u=www-data | paramiko [192.168.99.4] INFO| Authentication (password) successful!
2026-09-24 15:10:29,245 p=802 u=www-data n=ansible INFO| ok: [SW_1]
2026-09-24 15:10:29,571 p=802 u=www-data n=ansible INFO| ok: [SW_CORE]
2026-09-24 15:10:29,631 p=802 u=www-data n=ansible INFO| ok: [SW_2]
2026-09-24 15:10:29,637 p=802 u=www-data n=ansible INFO| TASK [Obtener Direccionamiento IP e Interfaces L3 (Routers y Switches)] ********
2026-09-24 15:10:36,129 p=802 u=www-data n=ansible INFO| network_os is set to cisco.ios.ios
2026-09-24 15:10:36,195 p=847 u=www-data n=p=847 u=www-data | paramiko [192.168.99.1] INFO| Connected (version 2.0, client Cisco-1.25)
2026-09-24 15:10:36,498 p=802 u=www-data n=ansible INFO| ok: [SW_1]
2026-09-24 15:10:36,536 p=802 u=www-data n=ansible INFO| ok: [SW_CORE]
2026-09-24 15:10:36,665 p=802 u=www-data n=ansible INFO| ok: [SW_2]
2026-09-24 15:10:36,780 p=847 u=www-data n=p=847 u=www-data | paramiko [192.168.99.1] INFO| Authentication (password) successful!
2026-09-24 15:10:38,447 p=802 u=www-data n=ansible INFO| ok: [R1-TEST]
2026-09-24 15:10:38,453 p=802 u=www-data n=ansible INFO| TASK [Obtener Tabla de Enrutamiento L3] ****************************************
2026-09-24 15:10:45,176 p=802 u=www-data n=ansible INFO| ok: [SW_1]
2026-09-24 15:10:45,325 p=802 u=www-data n=ansible INFO| ok: [SW_2]
2026-09-24 15:10:45,478 p=802 u=www-data n=ansible INFO| ok: [SW_CORE]
2026-09-24 15:10:45,518 p=802 u=www-data n=ansible INFO| ok: [R1-TEST]
2026-09-24 15:10:45,540 p=802 u=www-data n=ansible INFO| TASK [Obtener Datos de Seguridad] **********************************************
2026-09-24 15:10:51,749 p=802 u=www-data n=ansible INFO| ok: [SW_CORE]
2026-09-24 15:10:51,770 p=802 u=www-data n=ansible INFO| ok: [R1-TEST]
2026-09-24 15:10:52,022 p=802 u=www-data n=ansible INFO| ok: [SW_2]
2026-09-24 15:10:52,179 p=802 u=www-data n=ansible INFO| ok: [SW_1]
2026-09-24 15:10:52,186 p=802 u=www-data n=ansible INFO| TASK [Estructurar Variables de Seguridad (Blindaje)] ***************************
2026-09-24 15:10:53,349 p=802 u=www-data n=ansible INFO| ok: [SW_CORE]
2026-09-24 15:10:53,367 p=802 u=www-data n=ansible INFO| ok: [SW_1]
2026-09-24 15:10:53,404 p=802 u=www-data n=ansible INFO| ok: [SW_2]
2026-09-24 15:10:53,477 p=802 u=www-data n=ansible INFO| ok: [R1-TEST]
2026-09-24 15:10:53,484 p=802 u=www-data n=ansible INFO| TASK [Inyectar Puertos L2 de Switches a MySQL] *********************************
2026-09-24 15:10:55,420 p=802 u=www-data n=ansible INFO| changed: [SW_CORE -> localhost]
2026-09-24 15:10:56,931 p=802 u=www-data n=ansible INFO| changed: [SW_1 -> localhost]
2026-09-24 15:10:58,450 p=802 u=www-data n=ansible INFO| changed: [SW_2 -> localhost]
2026-09-24 15:10:58,491 p=802 u=www-data n=ansible INFO| skipping: [R1-TEST]
2026-09-24 15:10:58,497 p=802 u=www-data n=ansible INFO| TASK [Inyectar Interfaces L3 y SVIs (Routers y Switches) a MySQL] **************
2026-09-24 15:10:59,967 p=802 u=www-data n=ansible INFO| changed: [SW_CORE -> localhost]
2026-09-24 15:11:01,487 p=802 u=www-data n=ansible INFO| changed: [SW_1 -> localhost]
2026-09-24 15:11:02,988 p=802 u=www-data n=ansible INFO| changed: [SW_2 -> localhost]
2026-09-24 15:11:04,504 p=802 u=www-data n=ansible INFO| changed: [R1-TEST -> localhost]
2026-09-24 15:11:04,510 p=802 u=www-data n=ansible INFO| TASK [Inyectar Tabla de Enrutamiento a MySQL] **********************************
2026-09-24 15:11:06,033 p=802 u=www-data n=ansible INFO| changed: [SW_CORE -> localhost]
2026-09-24 15:11:07,503 p=802 u=www-data n=ansible INFO| changed: [SW_1 -> localhost]
2026-09-24 15:11:08,986 p=802 u=www-data n=ansible INFO| changed: [SW_2 -> localhost]
2026-09-24 15:11:10,484 p=802 u=www-data n=ansible INFO| changed: [R1-TEST -> localhost]
2026-09-24 15:11:10,489 p=802 u=www-data n=ansible INFO| TASK [Inyectar Auditoría de Seguridad a MySQL] *********************************
2026-09-24 15:11:11,929 p=802 u=www-data n=ansible INFO| changed: [SW_CORE -> localhost]
2026-09-24 15:11:13,380 p=802 u=www-data n=ansible INFO| changed: [SW_1 -> localhost]
2026-09-24 15:11:14,805 p=802 u=www-data n=ansible INFO| changed: [SW_2 -> localhost]
2026-09-24 15:11:16,235 p=802 u=www-data n=ansible INFO| changed: [R1-TEST -> localhost]
2026-09-24 15:11:16,241 p=802 u=www-data n=ansible INFO| TASK [Crear directorio backup host] ********************************************
2026-09-24 15:11:18,475 p=802 u=www-data n=ansible INFO| ok: [SW_CORE -> localhost]
2026-09-24 15:11:18,952 p=802 u=www-data n=ansible INFO| ok: [SW_1 -> localhost]
2026-09-24 15:11:18,984 p=802 u=www-data n=ansible INFO| ok: [R1-TEST -> localhost]
2026-09-24 15:11:19,011 p=802 u=www-data n=ansible INFO| ok: [SW_2 -> localhost]
2026-09-24 15:11:19,017 p=802 u=www-data n=ansible INFO| TASK [Obtener Running Config] **************************************************
2026-09-24 15:11:24,426 p=802 u=www-data n=ansible INFO| ok: [SW_CORE]
2026-09-24 15:11:24,573 p=802 u=www-data n=ansible INFO| ok: [SW_2]
2026-09-24 15:11:24,746 p=802 u=www-data n=ansible INFO| ok: [R1-TEST]
2026-09-24 15:11:24,768 p=802 u=www-data n=ansible INFO| ok: [SW_1]
2026-09-24 15:11:24,776 p=802 u=www-data n=ansible INFO| TASK [Guardar Archivo de Backup] ***********************************************
2026-09-24 15:11:29,791 p=802 u=www-data n=ansible INFO| ok: [R1-TEST -> localhost]
2026-09-24 15:11:29,854 p=802 u=www-data n=ansible INFO| ok: [SW_1 -> localhost]
2026-09-24 15:11:29,862 p=802 u=www-data n=ansible INFO| ok: [SW_2 -> localhost]
2026-09-24 15:11:29,874 p=802 u=www-data n=ansible INFO| ok: [SW_CORE -> localhost]
2026-09-24 15:11:29,889 p=802 u=www-data n=ansible INFO| PLAY RECAP *********************************************************************
2026-09-24 15:11:29,889 p=802 u=www-data n=ansible INFO| R1-TEST                    : ok=10   changed=3    unreachable=0    failed=0    skipped=2    rescued=0    ignored=0   
2026-09-24 15:11:29,889 p=802 u=www-data n=ansible INFO| SW_1                       : ok=12   changed=4    unreachable=0    failed=0    skipped=0    rescued=0    ignored=0   
2026-09-24 15:11:29,890 p=802 u=www-data n=ansible INFO| SW_2                       : ok=12   changed=4    unreachable=0    failed=0    skipped=0    rescued=0    ignored=0   
2026-09-24 15:11:29,890 p=802 u=www-data n=ansible INFO| SW_CORE                    : ok=12   changed=4    unreachable=0    failed=0    skipped=0    rescued=0    ignored=0   
2026-09-24 15:11:29,982 p=826 u=www-data n=ansible INFO| shutdown complete
2026-09-24 15:11:29,986 p=847 u=www-data n=ansible INFO| shutdown complete
2026-09-24 15:11:29,988 p=823 u=www-data n=ansible INFO| shutdown complete
2026-09-24 15:11:29,989 p=820 u=www-data n=ansible INFO| shutdown complete
2026-09-24 15:54:47,251 p=1422 u=www-data n=ansible INFO| PLAY [Respaldo de Configuraciones de Red] **************************************
2026-09-24 15:54:47,273 p=1422 u=www-data n=ansible INFO| TASK [Asegurar que el directorio de backups existe] ****************************
2026-09-24 15:54:49,888 p=1422 u=www-data n=ansible INFO| changed: [SW_CORE -> localhost]
2026-09-24 15:54:49,930 p=1422 u=www-data n=ansible INFO| changed: [SW_1 -> localhost]
2026-09-24 15:54:49,976 p=1422 u=www-data n=ansible INFO| changed: [R1-TEST -> localhost]
2026-09-24 15:54:50,034 p=1422 u=www-data n=ansible INFO| changed: [SW_2 -> localhost]
2026-09-24 15:54:50,055 p=1422 u=www-data n=ansible INFO| TASK [Descargar Running Config] ************************************************
2026-09-24 15:54:56,286 p=1422 u=www-data n=ansible INFO| network_os is set to cisco.ios.ios
2026-09-24 15:54:56,459 p=1422 u=www-data n=ansible INFO| network_os is set to cisco.ios.ios
2026-09-24 15:54:56,600 p=1422 u=www-data n=ansible INFO| network_os is set to cisco.ios.ios
2026-09-24 15:54:56,671 p=1422 u=www-data n=ansible INFO| network_os is set to cisco.ios.ios
2026-09-24 15:55:06,424 p=1422 u=www-data n=ansible ERROR| [ERROR]: Task failed: Action failed: timed out
Origin: /var/www/html/documentador-red/automation/ansible_project/playbooks/backup.yml:18:7

16         ansible_become: false
17
18     - name: Descargar Running Config
         ^ column 7


2026-09-24 15:55:06,426 p=1422 u=www-data n=ansible INFO| fatal: [SW_CORE]: FAILED! => {"changed": false, "msg": "timed out"}
2026-09-24 15:55:06,579 p=1422 u=www-data n=ansible INFO| fatal: [SW_2]: FAILED! => {"changed": false, "msg": "timed out"}
2026-09-24 15:55:06,689 p=1422 u=www-data n=ansible INFO| fatal: [R1-TEST]: FAILED! => {"changed": false, "msg": "timed out"}
2026-09-24 15:55:06,747 p=1422 u=www-data n=ansible INFO| fatal: [SW_1]: FAILED! => {"changed": false, "msg": "timed out"}
2026-09-24 15:55:06,758 p=1422 u=www-data n=ansible INFO| PLAY RECAP *********************************************************************
2026-09-24 15:55:06,759 p=1422 u=www-data n=ansible INFO| R1-TEST                    : ok=1    changed=1    unreachable=0    failed=1    skipped=0    rescued=0    ignored=0   
2026-09-24 15:55:06,759 p=1422 u=www-data n=ansible INFO| SW_1                       : ok=1    changed=1    unreachable=0    failed=1    skipped=0    rescued=0    ignored=0   
2026-09-24 15:55:06,759 p=1422 u=www-data n=ansible INFO| SW_2                       : ok=1    changed=1    unreachable=0    failed=1    skipped=0    rescued=0    ignored=0   
2026-09-24 15:55:06,760 p=1422 u=www-data n=ansible INFO| SW_CORE                    : ok=1    changed=1    unreachable=0    failed=1    skipped=0    rescued=0    ignored=0   
2026-09-24 15:55:06,853 p=1522 u=www-data n=ansible INFO| shutdown complete
2026-09-24 15:55:06,855 p=1528 u=www-data n=ansible INFO| shutdown complete
2026-09-24 15:55:06,857 p=1525 u=www-data n=ansible INFO| shutdown complete
2026-09-24 15:55:06,861 p=1531 u=www-data n=ansible INFO| shutdown complete
2026-09-24 15:55:55,288 p=1533 u=www-data n=ansible INFO| PLAY [Respaldo de Configuraciones de Red] **************************************
2026-09-24 15:55:55,310 p=1533 u=www-data n=ansible INFO| TASK [Asegurar que el directorio de backups existe] ****************************
2026-09-24 15:55:58,004 p=1533 u=www-data n=ansible INFO| ok: [R1-TEST -> localhost]
2026-09-24 15:55:58,010 p=1533 u=www-data n=ansible INFO| ok: [SW_1 -> localhost]
2026-09-24 15:55:58,042 p=1533 u=www-data n=ansible INFO| ok: [SW_CORE -> localhost]
2026-09-24 15:55:58,073 p=1533 u=www-data n=ansible INFO| ok: [SW_2 -> localhost]
2026-09-24 15:55:58,094 p=1533 u=www-data n=ansible INFO| TASK [Descargar Running Config] ************************************************
2026-09-24 15:56:04,046 p=1533 u=www-data n=ansible INFO| network_os is set to cisco.ios.ios
2026-09-24 15:56:04,176 p=1633 u=www-data n=p=1633 u=www-data | paramiko [192.168.99.3] INFO| Connected (version 2.0, client Cisco-1.25)
2026-09-24 15:56:04,460 p=1533 u=www-data n=ansible INFO| network_os is set to cisco.ios.ios
2026-09-24 15:56:04,529 p=1533 u=www-data n=ansible INFO| network_os is set to cisco.ios.ios
2026-09-24 15:56:04,602 p=1639 u=www-data n=p=1639 u=www-data | paramiko [192.168.99.4] INFO| Connected (version 1.99, client Cisco-1.25)
2026-09-24 15:56:04,684 p=1636 u=www-data n=p=1636 u=www-data | paramiko [192.168.99.2] INFO| Connected (version 2.0, client Cisco-1.25)
2026-09-24 15:56:04,801 p=1533 u=www-data n=ansible INFO| network_os is set to cisco.ios.ios
2026-09-24 15:56:04,899 p=1642 u=www-data n=p=1642 u=www-data | paramiko [192.168.99.1] INFO| Connected (version 2.0, client Cisco-1.25)
2026-09-24 15:56:05,009 p=1633 u=www-data n=p=1633 u=www-data | paramiko [192.168.99.3] INFO| Authentication (password) successful!
2026-09-24 15:56:05,207 p=1639 u=www-data n=p=1639 u=www-data | paramiko [192.168.99.4] INFO| Authentication (password) successful!
2026-09-24 15:56:05,288 p=1636 u=www-data n=p=1636 u=www-data | paramiko [192.168.99.2] INFO| Authentication (password) successful!
2026-09-24 15:56:05,348 p=1642 u=www-data n=p=1642 u=www-data | paramiko [192.168.99.1] INFO| Authentication (password) successful!
2026-09-24 15:56:06,513 p=1533 u=www-data n=ansible INFO| ok: [SW_1]
2026-09-24 15:56:06,537 p=1533 u=www-data n=ansible INFO| ok: [R1-TEST]
2026-09-24 15:56:06,602 p=1533 u=www-data n=ansible INFO| ok: [SW_CORE]
2026-09-24 15:56:06,695 p=1533 u=www-data n=ansible INFO| ok: [SW_2]
2026-09-24 15:56:06,703 p=1533 u=www-data n=ansible INFO| TASK [Guardar configuración en archivo] ****************************************
2026-09-24 15:56:11,546 p=1533 u=www-data n=ansible INFO| changed: [R1-TEST -> localhost]
2026-09-24 15:56:11,547 p=1533 u=www-data n=ansible INFO| changed: [SW_1 -> localhost]
2026-09-24 15:56:11,680 p=1533 u=www-data n=ansible INFO| changed: [SW_2 -> localhost]
2026-09-24 15:56:11,718 p=1533 u=www-data n=ansible INFO| changed: [SW_CORE -> localhost]
2026-09-24 15:56:11,733 p=1533 u=www-data n=ansible INFO| PLAY RECAP *********************************************************************
2026-09-24 15:56:11,733 p=1533 u=www-data n=ansible INFO| R1-TEST                    : ok=3    changed=1    unreachable=0    failed=0    skipped=0    rescued=0    ignored=0   
2026-09-24 15:56:11,733 p=1533 u=www-data n=ansible INFO| SW_1                       : ok=3    changed=1    unreachable=0    failed=0    skipped=0    rescued=0    ignored=0   
2026-09-24 15:56:11,734 p=1533 u=www-data n=ansible INFO| SW_2                       : ok=3    changed=1    unreachable=0    failed=0    skipped=0    rescued=0    ignored=0   
2026-09-24 15:56:11,734 p=1533 u=www-data n=ansible INFO| SW_CORE                    : ok=3    changed=1    unreachable=0    failed=0    skipped=0    rescued=0    ignored=0   
2026-09-24 15:56:11,825 p=1633 u=www-data n=ansible INFO| shutdown complete
2026-09-24 15:56:11,828 p=1642 u=www-data n=ansible INFO| shutdown complete
2026-09-24 15:56:11,832 p=1636 u=www-data n=ansible INFO| shutdown complete
2026-09-24 15:56:11,835 p=1639 u=www-data n=ansible INFO| shutdown complete
2026-09-24 15:59:43,195 p=1776 u=www-data n=ansible INFO| PLAY [Respaldo de Configuraciones de Red] **************************************
2026-09-24 15:59:43,218 p=1776 u=www-data n=ansible INFO| TASK [Asegurar que el directorio de backups existe] ****************************
2026-09-24 15:59:45,779 p=1776 u=www-data n=ansible INFO| ok: [SW_2 -> localhost]
2026-09-24 15:59:45,811 p=1776 u=www-data n=ansible INFO| ok: [SW_1 -> localhost]
2026-09-24 15:59:45,897 p=1776 u=www-data n=ansible INFO| ok: [R1-TEST -> localhost]
2026-09-24 15:59:45,938 p=1776 u=www-data n=ansible INFO| ok: [SW_CORE -> localhost]
2026-09-24 15:59:45,966 p=1776 u=www-data n=ansible INFO| TASK [Descargar Running Config] ************************************************
2026-09-24 15:59:52,131 p=1776 u=www-data n=ansible INFO| network_os is set to cisco.ios.ios
2026-09-24 15:59:52,244 p=1876 u=www-data n=p=1876 u=www-data | paramiko [192.168.99.1] INFO| Connected (version 2.0, client Cisco-1.25)
2026-09-24 15:59:52,258 p=1776 u=www-data n=ansible INFO| network_os is set to cisco.ios.ios
2026-09-24 15:59:52,339 p=1879 u=www-data n=p=1879 u=www-data | paramiko [192.168.99.2] INFO| Connected (version 2.0, client Cisco-1.25)
2026-09-24 15:59:52,459 p=1776 u=www-data n=ansible INFO| network_os is set to cisco.ios.ios
2026-09-24 15:59:52,509 p=1776 u=www-data n=ansible INFO| network_os is set to cisco.ios.ios
2026-09-24 15:59:52,566 p=1885 u=www-data n=p=1885 u=www-data | paramiko [192.168.99.3] INFO| Connected (version 2.0, client Cisco-1.25)
2026-09-24 15:59:52,574 p=1882 u=www-data n=p=1882 u=www-data | paramiko [192.168.99.4] INFO| Connected (version 1.99, client Cisco-1.25)
2026-09-24 15:59:52,796 p=1876 u=www-data n=p=1876 u=www-data | paramiko [192.168.99.1] INFO| Authentication (password) successful!
2026-09-24 15:59:53,037 p=1879 u=www-data n=p=1879 u=www-data | paramiko [192.168.99.2] INFO| Authentication (password) successful!
2026-09-24 15:59:53,111 p=1885 u=www-data n=p=1885 u=www-data | paramiko [192.168.99.3] INFO| Authentication (password) successful!
2026-09-24 15:59:53,144 p=1882 u=www-data n=p=1882 u=www-data | paramiko [192.168.99.4] INFO| Authentication (password) successful!
2026-09-24 15:59:53,949 p=1776 u=www-data n=ansible INFO| ok: [R1-TEST]
2026-09-24 15:59:54,370 p=1776 u=www-data n=ansible INFO| ok: [SW_CORE]
2026-09-24 15:59:54,665 p=1776 u=www-data n=ansible INFO| ok: [SW_1]
2026-09-24 15:59:54,666 p=1776 u=www-data n=ansible INFO| ok: [SW_2]
2026-09-24 15:59:54,674 p=1776 u=www-data n=ansible INFO| TASK [Guardar configuración en archivo] ****************************************
2026-09-24 15:59:59,698 p=1776 u=www-data n=ansible INFO| changed: [SW_2 -> localhost]
2026-09-24 15:59:59,705 p=1776 u=www-data n=ansible INFO| changed: [SW_1 -> localhost]
2026-09-24 15:59:59,788 p=1776 u=www-data n=ansible INFO| changed: [R1-TEST -> localhost]
2026-09-24 15:59:59,807 p=1776 u=www-data n=ansible INFO| changed: [SW_CORE -> localhost]
2026-09-24 15:59:59,823 p=1776 u=www-data n=ansible INFO| PLAY RECAP *********************************************************************
2026-09-24 15:59:59,823 p=1776 u=www-data n=ansible INFO| R1-TEST                    : ok=3    changed=1    unreachable=0    failed=0    skipped=0    rescued=0    ignored=0   
2026-09-24 15:59:59,823 p=1776 u=www-data n=ansible INFO| SW_1                       : ok=3    changed=1    unreachable=0    failed=0    skipped=0    rescued=0    ignored=0   
2026-09-24 15:59:59,824 p=1776 u=www-data n=ansible INFO| SW_2                       : ok=3    changed=1    unreachable=0    failed=0    skipped=0    rescued=0    ignored=0   
2026-09-24 15:59:59,824 p=1776 u=www-data n=ansible INFO| SW_CORE                    : ok=3    changed=1    unreachable=0    failed=0    skipped=0    rescued=0    ignored=0   
2026-09-24 15:59:59,915 p=1876 u=www-data n=ansible INFO| shutdown complete
2026-09-24 15:59:59,919 p=1879 u=www-data n=ansible INFO| shutdown complete
2026-09-24 15:59:59,923 p=1882 u=www-data n=ansible INFO| shutdown complete
2026-09-24 15:59:59,923 p=1885 u=www-data n=ansible INFO| shutdown complete
2026-09-24 16:02:08,442 p=2019 u=www-data n=ansible INFO| PLAY [Respaldo de Configuraciones de Red] **************************************
2026-09-24 16:02:08,464 p=2019 u=www-data n=ansible INFO| TASK [Asegurar que el directorio de backups existe] ****************************
2026-09-24 16:02:11,044 p=2019 u=www-data n=ansible INFO| ok: [R1-TEST -> localhost]
2026-09-24 16:02:11,168 p=2019 u=www-data n=ansible INFO| ok: [SW_2 -> localhost]
2026-09-24 16:02:11,212 p=2019 u=www-data n=ansible INFO| ok: [SW_CORE -> localhost]
2026-09-24 16:02:11,233 p=2019 u=www-data n=ansible INFO| ok: [SW_1 -> localhost]
2026-09-24 16:02:11,254 p=2019 u=www-data n=ansible INFO| TASK [Descargar Running Config] ************************************************
2026-09-24 16:02:17,166 p=2019 u=www-data n=ansible INFO| network_os is set to cisco.ios.ios
2026-09-24 16:02:17,250 p=2119 u=www-data n=p=2119 u=www-data | paramiko [192.168.99.2] INFO| Connected (version 2.0, client Cisco-1.25)
2026-09-24 16:02:17,701 p=2019 u=www-data n=ansible INFO| network_os is set to cisco.ios.ios
2026-09-24 16:02:17,752 p=2019 u=www-data n=ansible INFO| network_os is set to cisco.ios.ios
2026-09-24 16:02:17,819 p=2125 u=www-data n=p=2125 u=www-data | paramiko [192.168.99.1] INFO| Connected (version 2.0, client Cisco-1.25)
2026-09-24 16:02:17,915 p=2019 u=www-data n=ansible INFO| network_os is set to cisco.ios.ios
2026-09-24 16:02:17,939 p=2122 u=www-data n=p=2122 u=www-data | paramiko [192.168.99.4] INFO| Connected (version 1.99, client Cisco-1.25)
2026-09-24 16:02:18,005 p=2128 u=www-data n=p=2128 u=www-data | paramiko [192.168.99.3] INFO| Connected (version 2.0, client Cisco-1.25)
2026-09-24 16:02:18,158 p=2119 u=www-data n=p=2119 u=www-data | paramiko [192.168.99.2] INFO| Authentication (password) successful!
2026-09-24 16:02:18,335 p=2125 u=www-data n=p=2125 u=www-data | paramiko [192.168.99.1] INFO| Authentication (password) successful!
2026-09-24 16:02:18,399 p=2122 u=www-data n=p=2122 u=www-data | paramiko [192.168.99.4] INFO| Authentication (password) successful!
2026-09-24 16:02:18,476 p=2128 u=www-data n=p=2128 u=www-data | paramiko [192.168.99.3] INFO| Authentication (password) successful!
2026-09-24 16:02:19,552 p=2019 u=www-data n=ansible INFO| ok: [R1-TEST]
2026-09-24 16:02:19,590 p=2019 u=www-data n=ansible INFO| ok: [SW_CORE]
2026-09-24 16:02:20,035 p=2019 u=www-data n=ansible INFO| ok: [SW_2]
2026-09-24 16:02:20,058 p=2019 u=www-data n=ansible INFO| ok: [SW_1]
2026-09-24 16:02:20,066 p=2019 u=www-data n=ansible INFO| TASK [Guardar configuración en archivo] ****************************************
2026-09-24 16:02:25,078 p=2019 u=www-data n=ansible INFO| changed: [SW_2 -> localhost]
2026-09-24 16:02:25,161 p=2019 u=www-data n=ansible INFO| changed: [SW_1 -> localhost]
2026-09-24 16:02:25,217 p=2019 u=www-data n=ansible INFO| changed: [R1-TEST -> localhost]
2026-09-24 16:02:25,223 p=2019 u=www-data n=ansible INFO| changed: [SW_CORE -> localhost]
2026-09-24 16:02:25,238 p=2019 u=www-data n=ansible INFO| PLAY RECAP *********************************************************************
2026-09-24 16:02:25,238 p=2019 u=www-data n=ansible INFO| R1-TEST                    : ok=3    changed=1    unreachable=0    failed=0    skipped=0    rescued=0    ignored=0   
2026-09-24 16:02:25,239 p=2019 u=www-data n=ansible INFO| SW_1                       : ok=3    changed=1    unreachable=0    failed=0    skipped=0    rescued=0    ignored=0   
2026-09-24 16:02:25,239 p=2019 u=www-data n=ansible INFO| SW_2                       : ok=3    changed=1    unreachable=0    failed=0    skipped=0    rescued=0    ignored=0   
2026-09-24 16:02:25,239 p=2019 u=www-data n=ansible INFO| SW_CORE                    : ok=3    changed=1    unreachable=0    failed=0    skipped=0    rescued=0    ignored=0   
2026-09-24 16:02:25,330 p=2125 u=www-data n=ansible INFO| shutdown complete
2026-09-24 16:02:25,333 p=2119 u=www-data n=ansible INFO| shutdown complete
2026-09-24 16:02:25,337 p=2122 u=www-data n=ansible INFO| shutdown complete
2026-09-24 16:02:25,342 p=2128 u=www-data n=ansible INFO| shutdown complete
2026-09-24 16:05:59,412 p=2262 u=www-data n=ansible INFO| PLAY [Respaldo de Configuraciones de Red] **************************************
2026-09-24 16:05:59,434 p=2262 u=www-data n=ansible INFO| TASK [Asegurar que el directorio de backups existe] ****************************
2026-09-24 16:06:01,857 p=2262 u=www-data n=ansible INFO| ok: [SW_CORE -> localhost]
2026-09-24 16:06:02,033 p=2262 u=www-data n=ansible INFO| ok: [SW_1 -> localhost]
2026-09-24 16:06:02,118 p=2262 u=www-data n=ansible INFO| ok: [SW_2 -> localhost]
2026-09-24 16:06:02,188 p=2262 u=www-data n=ansible INFO| ok: [R1-TEST -> localhost]
2026-09-24 16:06:02,210 p=2262 u=www-data n=ansible INFO| TASK [Descargar Running Config] ************************************************
2026-09-24 16:06:07,627 p=2262 u=www-data n=ansible INFO| network_os is set to cisco.ios.ios
2026-09-24 16:06:07,768 p=2362 u=www-data n=p=2362 u=www-data | paramiko [192.168.99.2] INFO| Connected (version 2.0, client Cisco-1.25)
2026-09-24 16:06:08,469 p=2362 u=www-data n=p=2362 u=www-data | paramiko [192.168.99.2] INFO| Authentication (password) successful!
2026-09-24 16:06:08,775 p=2262 u=www-data n=ansible INFO| network_os is set to cisco.ios.ios
2026-09-24 16:06:08,821 p=2262 u=www-data n=ansible INFO| network_os is set to cisco.ios.ios
2026-09-24 16:06:08,852 p=2262 u=www-data n=ansible INFO| network_os is set to cisco.ios.ios
2026-09-24 16:06:08,896 p=2365 u=www-data n=p=2365 u=www-data | paramiko [192.168.99.1] INFO| Connected (version 2.0, client Cisco-1.25)
2026-09-24 16:06:08,906 p=2369 u=www-data n=p=2369 u=www-data | paramiko [192.168.99.4] INFO| Connected (version 1.99, client Cisco-1.25)
2026-09-24 16:06:08,978 p=2371 u=www-data n=p=2371 u=www-data | paramiko [192.168.99.3] INFO| Connected (version 2.0, client Cisco-1.25)
2026-09-24 16:06:09,350 p=2365 u=www-data n=p=2365 u=www-data | paramiko [192.168.99.1] INFO| Authentication (password) successful!
2026-09-24 16:06:09,492 p=2369 u=www-data n=p=2369 u=www-data | paramiko [192.168.99.4] INFO| Authentication (password) successful!
2026-09-24 16:06:09,533 p=2371 u=www-data n=p=2371 u=www-data | paramiko [192.168.99.3] INFO| Authentication (password) successful!
2026-09-24 16:06:09,846 p=2262 u=www-data n=ansible INFO| ok: [SW_CORE]
2026-09-24 16:06:10,615 p=2262 u=www-data n=ansible INFO| ok: [R1-TEST]
2026-09-24 16:06:11,127 p=2262 u=www-data n=ansible INFO| ok: [SW_1]
2026-09-24 16:06:11,128 p=2262 u=www-data n=ansible INFO| ok: [SW_2]
2026-09-24 16:06:11,138 p=2262 u=www-data n=ansible INFO| TASK [Guardar configuración en archivo] ****************************************
2026-09-24 16:06:16,045 p=2262 u=www-data n=ansible INFO| changed: [R1-TEST -> localhost]
2026-09-24 16:06:16,180 p=2262 u=www-data n=ansible INFO| changed: [SW_1 -> localhost]
2026-09-24 16:06:16,221 p=2262 u=www-data n=ansible INFO| changed: [SW_CORE -> localhost]
2026-09-24 16:06:16,263 p=2262 u=www-data n=ansible INFO| changed: [SW_2 -> localhost]
2026-09-24 16:06:16,278 p=2262 u=www-data n=ansible INFO| PLAY RECAP *********************************************************************
2026-09-24 16:06:16,279 p=2262 u=www-data n=ansible INFO| R1-TEST                    : ok=3    changed=1    unreachable=0    failed=0    skipped=0    rescued=0    ignored=0   
2026-09-24 16:06:16,279 p=2262 u=www-data n=ansible INFO| SW_1                       : ok=3    changed=1    unreachable=0    failed=0    skipped=0    rescued=0    ignored=0   
2026-09-24 16:06:16,279 p=2262 u=www-data n=ansible INFO| SW_2                       : ok=3    changed=1    unreachable=0    failed=0    skipped=0    rescued=0    ignored=0   
2026-09-24 16:06:16,279 p=2262 u=www-data n=ansible INFO| SW_CORE                    : ok=3    changed=1    unreachable=0    failed=0    skipped=0    rescued=0    ignored=0   
2026-09-24 16:06:16,370 p=2362 u=www-data n=ansible INFO| shutdown complete
2026-09-24 16:06:16,374 p=2365 u=www-data n=ansible INFO| shutdown complete
2026-09-24 16:06:16,377 p=2371 u=www-data n=ansible INFO| shutdown complete
2026-09-24 16:06:16,381 p=2369 u=www-data n=ansible INFO| shutdown complete
2026-09-24 16:43:16,571 p=2591 u=www-data n=ansible INFO| PLAY [Respaldo de Configuraciones de Red] **************************************
2026-09-24 16:43:16,594 p=2591 u=www-data n=ansible INFO| TASK [Asegurar que el directorio de backups existe] ****************************
2026-09-24 16:43:19,149 p=2591 u=www-data n=ansible INFO| ok: [R1-TEST -> localhost]
2026-09-24 16:43:19,282 p=2591 u=www-data n=ansible INFO| ok: [SW_1 -> localhost]
2026-09-24 16:43:19,308 p=2591 u=www-data n=ansible INFO| ok: [SW_CORE -> localhost]
2026-09-24 16:43:19,334 p=2591 u=www-data n=ansible INFO| ok: [SW_2 -> localhost]
2026-09-24 16:43:19,355 p=2591 u=www-data n=ansible INFO| TASK [Descargar Running Config] ************************************************
2026-09-24 16:43:24,529 p=2591 u=www-data n=ansible INFO| network_os is set to cisco.ios.ios
2026-09-24 16:43:24,673 p=2691 u=www-data n=p=2691 u=www-data | paramiko [192.168.99.3] INFO| Connected (version 2.0, client Cisco-1.25)
2026-09-24 16:43:25,419 p=2691 u=www-data n=p=2691 u=www-data | paramiko [192.168.99.3] INFO| Authentication (password) successful!
2026-09-24 16:43:25,890 p=2591 u=www-data n=ansible INFO| network_os is set to cisco.ios.ios
2026-09-24 16:43:25,953 p=2694 u=www-data n=p=2694 u=www-data | paramiko [192.168.99.2] INFO| Connected (version 2.0, client Cisco-1.25)
2026-09-24 16:43:25,966 p=2591 u=www-data n=ansible INFO| network_os is set to cisco.ios.ios
2026-09-24 16:43:26,025 p=2702 u=www-data n=p=2702 u=www-data | paramiko [192.168.99.4] INFO| Connected (version 1.99, client Cisco-1.25)
2026-09-24 16:43:26,071 p=2591 u=www-data n=ansible INFO| network_os is set to cisco.ios.ios
2026-09-24 16:43:26,147 p=2698 u=www-data n=p=2698 u=www-data | paramiko [192.168.99.1] INFO| Connected (version 2.0, client Cisco-1.25)
2026-09-24 16:43:26,580 p=2702 u=www-data n=p=2702 u=www-data | paramiko [192.168.99.4] INFO| Authentication (password) successful!
2026-09-24 16:43:26,627 p=2698 u=www-data n=p=2698 u=www-data | paramiko [192.168.99.1] INFO| Authentication (password) successful!
2026-09-24 16:43:26,654 p=2694 u=www-data n=p=2694 u=www-data | paramiko [192.168.99.2] INFO| Authentication (password) successful!
2026-09-24 16:43:26,906 p=2591 u=www-data n=ansible INFO| ok: [SW_1]
2026-09-24 16:43:27,817 p=2591 u=www-data n=ansible INFO| ok: [R1-TEST]
2026-09-24 16:43:28,028 p=2591 u=www-data n=ansible INFO| ok: [SW_CORE]
2026-09-24 16:43:28,080 p=2591 u=www-data n=ansible INFO| ok: [SW_2]
2026-09-24 16:43:28,088 p=2591 u=www-data n=ansible INFO| TASK [Guardar configuración en archivo] ****************************************
2026-09-24 16:43:33,058 p=2591 u=www-data n=ansible INFO| changed: [R1-TEST -> localhost]
2026-09-24 16:43:33,183 p=2591 u=www-data n=ansible INFO| changed: [SW_1 -> localhost]
2026-09-24 16:43:33,207 p=2591 u=www-data n=ansible INFO| changed: [SW_2 -> localhost]
2026-09-24 16:43:33,266 p=2591 u=www-data n=ansible INFO| changed: [SW_CORE -> localhost]
2026-09-24 16:43:33,282 p=2591 u=www-data n=ansible INFO| PLAY RECAP *********************************************************************
2026-09-24 16:43:33,283 p=2591 u=www-data n=ansible INFO| R1-TEST                    : ok=3    changed=1    unreachable=0    failed=0    skipped=0    rescued=0    ignored=0   
2026-09-24 16:43:33,283 p=2591 u=www-data n=ansible INFO| SW_1                       : ok=3    changed=1    unreachable=0    failed=0    skipped=0    rescued=0    ignored=0   
2026-09-24 16:43:33,283 p=2591 u=www-data n=ansible INFO| SW_2                       : ok=3    changed=1    unreachable=0    failed=0    skipped=0    rescued=0    ignored=0   
2026-09-24 16:43:33,283 p=2591 u=www-data n=ansible INFO| SW_CORE                    : ok=3    changed=1    unreachable=0    failed=0    skipped=0    rescued=0    ignored=0   
2026-09-24 16:43:33,374 p=2691 u=www-data n=ansible INFO| shutdown complete
2026-09-24 16:43:33,376 p=2698 u=www-data n=ansible INFO| shutdown complete
2026-09-24 16:43:33,381 p=2694 u=www-data n=ansible INFO| shutdown complete
2026-09-24 16:43:33,383 p=2702 u=www-data n=ansible INFO| shutdown complete
2026-09-24 19:18:36,974 p=2876 u=www-data n=ansible INFO| PLAY [00. Preparar Entorno Local] **********************************************
2026-09-24 19:18:37,015 p=2876 u=www-data n=ansible INFO| TASK [Crear directorio principal de backups] ***********************************
2026-09-24 19:18:38,381 p=2876 u=www-data n=ansible INFO| changed: [localhost]
2026-09-24 19:18:38,390 p=2876 u=www-data n=ansible INFO| PLAY [01. Aprovisionamiento SNMP y Respaldos de Red] ***************************
2026-09-24 19:18:38,423 p=2876 u=www-data n=ansible INFO| TASK [Configurar Comunidad SNMP v2c (Read-Only)] *******************************
2026-09-24 19:18:44,054 p=2876 u=www-data n=ansible INFO| network_os is set to cisco.ios.ios
2026-09-24 19:18:44,226 p=2917 u=www-data n=p=2917 u=www-data | paramiko [192.168.99.3] INFO| Connected (version 2.0, client Cisco-1.25)
2026-09-24 19:18:44,932 p=2876 u=www-data n=ansible INFO| network_os is set to cisco.ios.ios
2026-09-24 19:18:44,975 p=2876 u=www-data n=ansible INFO| network_os is set to cisco.ios.ios
2026-09-24 19:18:45,032 p=2923 u=www-data n=p=2923 u=www-data | paramiko [192.168.99.1] INFO| Connected (version 2.0, client Cisco-1.25)
2026-09-24 19:18:45,036 p=2917 u=www-data n=p=2917 u=www-data | paramiko [192.168.99.3] INFO| Authentication (password) successful!
2026-09-24 19:18:45,045 p=2920 u=www-data n=p=2920 u=www-data | paramiko [192.168.99.2] INFO| Connected (version 2.0, client Cisco-1.25)
2026-09-24 19:18:45,281 p=2876 u=www-data n=ansible INFO| network_os is set to cisco.ios.ios
2026-09-24 19:18:45,367 p=2926 u=www-data n=p=2926 u=www-data | paramiko [192.168.99.4] INFO| Connected (version 1.99, client Cisco-1.25)
2026-09-24 19:18:45,548 p=2920 u=www-data n=p=2920 u=www-data | paramiko [192.168.99.2] INFO| Authentication (password) successful!
2026-09-24 19:18:45,630 p=2923 u=www-data n=p=2923 u=www-data | paramiko [192.168.99.1] INFO| Authentication (password) successful!
2026-09-24 19:18:45,850 p=2926 u=www-data n=p=2926 u=www-data | paramiko [192.168.99.4] INFO| Authentication (password) successful!
2026-09-24 19:18:47,230 p=2876 u=www-data n=ansible WARNING| [WARNING]: To ensure idempotency and correct diff the input configuration lines should be similar to how they appear if present in the running configuration on device

2026-09-24 19:18:47,231 p=2876 u=www-data n=ansible INFO| changed: [SW_1]
2026-09-24 19:18:47,325 p=2876 u=www-data n=ansible INFO| changed: [R1-TEST]
2026-09-24 19:18:47,433 p=2876 u=www-data n=ansible INFO| changed: [SW_CORE]
2026-09-24 19:18:47,979 p=2876 u=www-data n=ansible INFO| changed: [SW_2]
2026-09-24 19:18:47,986 p=2876 u=www-data n=ansible INFO| TASK [Guardar configuracion si hubo cambios (Write Memory)] ********************
2026-09-24 19:18:53,505 p=2876 u=www-data n=ansible INFO| ok: [SW_2]
2026-09-24 19:18:53,634 p=2876 u=www-data n=ansible INFO| ok: [SW_CORE]
2026-09-24 19:18:53,643 p=2876 u=www-data n=ansible INFO| ok: [SW_1]
2026-09-24 19:19:53,478 p=2923 u=www-data n=ansible INFO| command timeout triggered, timeout value is 60 secs.
See the timeout setting options in the Network Debug and Troubleshooting Guide.
2026-09-24 19:19:53,492 p=2926 u=www-data n=ansible INFO| persistent connection idle timeout triggered, timeout value is 60 secs.
See the timeout setting options in the Network Debug and Troubleshooting Guide.
2026-09-24 19:19:53,529 p=2876 u=www-data n=ansible ERROR| [ERROR]: Task failed: Action failed: command timeout triggered, timeout value is 60 secs.
See the timeout setting options in the Network Debug and Troubleshooting Guide.
Origin: /var/www/html/documentador-red/automation/ansible_project/playbooks/netdocs_orquestador.yml:48:7

46       ignore_errors: yes
47
48     - name: Guardar configuracion si hubo cambios (Write Memory)
         ^ column 7


2026-09-24 19:19:53,530 p=2876 u=www-data n=ansible INFO| fatal: [R1-TEST]: FAILED! => {"changed": false, "msg": "command timeout triggered, timeout value is 60 secs.\nSee the timeout setting options in the Network Debug and Troubleshooting Guide."}
2026-09-24 19:19:53,530 p=2876 u=www-data n=ansible INFO| ...ignoring
2026-09-24 19:19:53,536 p=2876 u=www-data n=ansible INFO| TASK [Crear subdirectorio de backup para el host] ******************************
2026-09-24 19:19:53,605 p=2926 u=www-data n=ansible INFO| shutdown complete
2026-09-24 19:19:53,624 p=2920 u=www-data n=ansible INFO| persistent connection idle timeout triggered, timeout value is 60 secs.
See the timeout setting options in the Network Debug and Troubleshooting Guide.
2026-09-24 19:19:53,629 p=2917 u=www-data n=ansible INFO| persistent connection idle timeout triggered, timeout value is 60 secs.
See the timeout setting options in the Network Debug and Troubleshooting Guide.
2026-09-24 19:19:53,743 p=2920 u=www-data n=ansible INFO| shutdown complete
2026-09-24 19:19:53,750 p=2917 u=www-data n=ansible INFO| shutdown complete
2026-09-24 19:19:56,290 p=2876 u=www-data n=ansible INFO| ok: [R1-TEST -> localhost]
2026-09-24 19:19:56,318 p=2876 u=www-data n=ansible INFO| ok: [SW_1 -> localhost]
2026-09-24 19:19:56,335 p=2876 u=www-data n=ansible INFO| ok: [SW_CORE -> localhost]
2026-09-24 19:19:56,349 p=2876 u=www-data n=ansible INFO| ok: [SW_2 -> localhost]
2026-09-24 19:19:56,355 p=2876 u=www-data n=ansible INFO| TASK [Obtener Running Config actual] *******************************************
2026-09-24 19:20:02,002 p=2876 u=www-data n=ansible ERROR| [ERROR]: Task failed: Action failed: cli prompt is not identified from the last received response window: b'write memory\r\nWarning: Attempting to overwrite an NVRAM configuration previously written\r\nby a different version of the system image.\r\nOverwrite the previous NVRAM configuration?[confirm]'
Origin: /var/www/html/documentador-red/automation/ansible_project/playbooks/netdocs_orquestador.yml:65:7

63         ansible_become: false
64
65     - name: Obtener Running Config actual
         ^ column 7


2026-09-24 19:20:02,007 p=2876 u=www-data n=ansible INFO| fatal: [R1-TEST]: FAILED! => {"changed": false, "msg": "cli prompt is not identified from the last received response window: b'write memory\\r\\nWarning: Attempting to overwrite an NVRAM configuration previously written\\r\\nby a different version of the system image.\\r\\nOverwrite the previous NVRAM configuration?[confirm]'"}
2026-09-24 19:20:02,008 p=2876 u=www-data n=ansible INFO| ...ignoring
2026-09-24 19:20:02,560 p=2876 u=www-data n=ansible INFO| network_os is set to cisco.ios.ios
2026-09-24 19:20:02,610 p=2876 u=www-data n=ansible INFO| network_os is set to cisco.ios.ios
2026-09-24 19:20:02,645 p=2876 u=www-data n=ansible INFO| network_os is set to cisco.ios.ios
2026-09-24 19:20:02,679 p=3047 u=www-data n=p=3047 u=www-data | paramiko [192.168.99.4] INFO| Connected (version 1.99, client Cisco-1.25)
2026-09-24 19:20:02,711 p=3044 u=www-data n=p=3044 u=www-data | paramiko [192.168.99.2] INFO| Connected (version 2.0, client Cisco-1.25)
2026-09-24 19:20:02,731 p=3041 u=www-data n=p=3041 u=www-data | paramiko [192.168.99.3] INFO| Connected (version 2.0, client Cisco-1.25)
2026-09-24 19:20:03,174 p=3047 u=www-data n=p=3047 u=www-data | paramiko [192.168.99.4] INFO| Authentication (password) successful!
2026-09-24 19:20:03,199 p=3044 u=www-data n=p=3044 u=www-data | paramiko [192.168.99.2] INFO| Authentication (password) successful!
2026-09-24 19:20:03,265 p=3041 u=www-data n=p=3041 u=www-data | paramiko [192.168.99.3] INFO| Authentication (password) successful!
2026-09-24 19:20:04,482 p=2876 u=www-data n=ansible INFO| ok: [SW_CORE]
2026-09-24 19:20:04,585 p=2876 u=www-data n=ansible INFO| ok: [SW_2]
2026-09-24 19:20:04,707 p=2876 u=www-data n=ansible INFO| ok: [SW_1]
2026-09-24 19:20:04,715 p=2876 u=www-data n=ansible INFO| TASK [Guardar Backup en archivo de texto] **************************************
2026-09-24 19:20:04,921 p=2876 u=www-data n=ansible INFO| skipping: [R1-TEST]
2026-09-24 19:20:08,664 p=2876 u=www-data n=ansible INFO| changed: [SW_CORE -> localhost]
2026-09-24 19:20:08,665 p=2876 u=www-data n=ansible INFO| changed: [SW_2 -> localhost]
2026-09-24 19:20:08,740 p=2876 u=www-data n=ansible INFO| changed: [SW_1 -> localhost]
2026-09-24 19:20:08,755 p=2876 u=www-data n=ansible INFO| PLAY RECAP *********************************************************************
2026-09-24 19:20:08,755 p=2876 u=www-data n=ansible INFO| R1-TEST                    : ok=4    changed=1    unreachable=0    failed=0    skipped=1    rescued=0    ignored=2   
2026-09-24 19:20:08,756 p=2876 u=www-data n=ansible INFO| SW_1                       : ok=5    changed=2    unreachable=0    failed=0    skipped=0    rescued=0    ignored=0   
2026-09-24 19:20:08,756 p=2876 u=www-data n=ansible INFO| SW_2                       : ok=5    changed=2    unreachable=0    failed=0    skipped=0    rescued=0    ignored=0   
2026-09-24 19:20:08,756 p=2876 u=www-data n=ansible INFO| SW_CORE                    : ok=5    changed=2    unreachable=0    failed=0    skipped=0    rescued=0    ignored=0   
2026-09-24 19:20:08,756 p=2876 u=www-data n=ansible INFO| localhost                  : ok=1    changed=1    unreachable=0    failed=0    skipped=0    rescued=0    ignored=0   
2026-09-24 19:20:08,848 p=3041 u=www-data n=ansible INFO| shutdown complete
2026-09-24 19:20:08,850 p=2923 u=www-data n=ansible INFO| shutdown complete
2026-09-24 19:20:08,855 p=3047 u=www-data n=ansible INFO| shutdown complete
2026-09-24 19:20:08,854 p=3044 u=www-data n=ansible INFO| shutdown complete
2026-09-24 19:26:49,275 p=3149 u=www-data n=ansible ERROR| [ERROR]: the playbook: playbooks/netdocs_orquestador.yml could not be found

2026-09-24 19:28:08,328 p=3152 u=www-data n=ansible INFO| PLAY [00. Preparar Entorno Local] **********************************************
2026-09-24 19:28:08,357 p=3152 u=www-data n=ansible INFO| TASK [Crear directorio principal de backups] ***********************************
2026-09-24 19:28:09,729 p=3152 u=www-data n=ansible INFO| ok: [localhost]
2026-09-24 19:28:09,738 p=3152 u=www-data n=ansible INFO| PLAY [01. Aprovisionamiento SNMP y Respaldos de Red] ***************************
2026-09-24 19:28:09,762 p=3152 u=www-data n=ansible INFO| TASK [Configurar Comunidad SNMP v2c (Read-Only)] *******************************
2026-09-24 19:28:15,681 p=3152 u=www-data n=ansible INFO| network_os is set to cisco.ios.ios
2026-09-24 19:28:15,796 p=3197 u=www-data n=p=3197 u=www-data | paramiko [192.168.99.2] INFO| Connected (version 2.0, client Cisco-1.25)
2026-09-24 19:28:16,389 p=3152 u=www-data n=ansible INFO| network_os is set to cisco.ios.ios
2026-09-24 19:28:16,395 p=3197 u=www-data n=p=3197 u=www-data | paramiko [192.168.99.2] INFO| Authentication (password) successful!
2026-09-24 19:28:16,460 p=3152 u=www-data n=ansible INFO| network_os is set to cisco.ios.ios
2026-09-24 19:28:16,478 p=3203 u=www-data n=p=3203 u=www-data | paramiko [192.168.99.3] INFO| Connected (version 2.0, client Cisco-1.25)
2026-09-24 19:28:16,528 p=3152 u=www-data n=ansible INFO| network_os is set to cisco.ios.ios
2026-09-24 19:28:16,536 p=3200 u=www-data n=p=3200 u=www-data | paramiko [192.168.99.1] INFO| Connected (version 2.0, client Cisco-1.25)
2026-09-24 19:28:16,674 p=3206 u=www-data n=p=3206 u=www-data | paramiko [192.168.99.4] INFO| Connected (version 1.99, client Cisco-1.25)
2026-09-24 19:28:16,980 p=3200 u=www-data n=p=3200 u=www-data | paramiko [192.168.99.1] INFO| Authentication (password) successful!
2026-09-24 19:28:16,984 p=3203 u=www-data n=p=3203 u=www-data | paramiko [192.168.99.3] INFO| Authentication (password) successful!
2026-09-24 19:28:17,160 p=3206 u=www-data n=p=3206 u=www-data | paramiko [192.168.99.4] INFO| Authentication (password) successful!
2026-09-24 19:28:18,366 p=3152 u=www-data n=ansible WARNING| [WARNING]: To ensure idempotency and correct diff the input configuration lines should be similar to how they appear if present in the running configuration on device

2026-09-24 19:28:18,367 p=3152 u=www-data n=ansible INFO| changed: [SW_CORE]
2026-09-24 19:28:18,727 p=3152 u=www-data n=ansible INFO| changed: [R1-TEST]
2026-09-24 19:28:19,136 p=3152 u=www-data n=ansible INFO| changed: [SW_1]
2026-09-24 19:28:19,325 p=3152 u=www-data n=ansible INFO| changed: [SW_2]
2026-09-24 19:28:19,344 p=3152 u=www-data n=ansible INFO| TASK [Guardar configuracion si hubo cambios (Write Memory Universal)] **********
2026-09-24 19:28:24,432 p=3152 u=www-data n=ansible INFO| ok: [SW_2]
2026-09-24 19:28:24,679 p=3152 u=www-data n=ansible INFO| ok: [SW_CORE]
2026-09-24 19:28:25,040 p=3152 u=www-data n=ansible INFO| ok: [R1-TEST]
2026-09-24 19:28:25,070 p=3152 u=www-data n=ansible INFO| ok: [SW_1]
2026-09-24 19:28:25,076 p=3152 u=www-data n=ansible INFO| TASK [Crear subdirectorio de backup para el host] ******************************
2026-09-24 19:28:27,311 p=3152 u=www-data n=ansible INFO| ok: [SW_CORE -> localhost]
2026-09-24 19:28:27,409 p=3152 u=www-data n=ansible INFO| ok: [SW_2 -> localhost]
2026-09-24 19:28:27,443 p=3152 u=www-data n=ansible INFO| ok: [R1-TEST -> localhost]
2026-09-24 19:28:27,473 p=3152 u=www-data n=ansible INFO| ok: [SW_1 -> localhost]
2026-09-24 19:28:27,480 p=3152 u=www-data n=ansible INFO| TASK [Obtener Running Config actual] *******************************************
2026-09-24 19:28:32,986 p=3152 u=www-data n=ansible INFO| ok: [SW_CORE]
2026-09-24 19:28:33,043 p=3152 u=www-data n=ansible INFO| ok: [SW_2]
2026-09-24 19:28:33,147 p=3152 u=www-data n=ansible INFO| ok: [R1-TEST]
2026-09-24 19:28:33,223 p=3152 u=www-data n=ansible INFO| ok: [SW_1]
2026-09-24 19:28:33,231 p=3152 u=www-data n=ansible INFO| TASK [Guardar Backup en archivo de texto] **************************************
2026-09-24 19:28:38,430 p=3152 u=www-data n=ansible INFO| changed: [R1-TEST -> localhost]
2026-09-24 19:28:38,508 p=3152 u=www-data n=ansible INFO| changed: [SW_2 -> localhost]
2026-09-24 19:28:38,561 p=3152 u=www-data n=ansible INFO| changed: [SW_CORE -> localhost]
2026-09-24 19:28:38,567 p=3152 u=www-data n=ansible INFO| changed: [SW_1 -> localhost]
2026-09-24 19:28:38,581 p=3152 u=www-data n=ansible INFO| PLAY RECAP *********************************************************************
2026-09-24 19:28:38,581 p=3152 u=www-data n=ansible INFO| R1-TEST                    : ok=5    changed=2    unreachable=0    failed=0    skipped=0    rescued=0    ignored=0   
2026-09-24 19:28:38,582 p=3152 u=www-data n=ansible INFO| SW_1                       : ok=5    changed=2    unreachable=0    failed=0    skipped=0    rescued=0    ignored=0   
2026-09-24 19:28:38,582 p=3152 u=www-data n=ansible INFO| SW_2                       : ok=5    changed=2    unreachable=0    failed=0    skipped=0    rescued=0    ignored=0   
2026-09-24 19:28:38,582 p=3152 u=www-data n=ansible INFO| SW_CORE                    : ok=5    changed=2    unreachable=0    failed=0    skipped=0    rescued=0    ignored=0   
2026-09-24 19:28:38,582 p=3152 u=www-data n=ansible INFO| localhost                  : ok=1    changed=0    unreachable=0    failed=0    skipped=0    rescued=0    ignored=0   
2026-09-24 19:28:38,674 p=3197 u=www-data n=ansible INFO| shutdown complete
2026-09-24 19:28:38,678 p=3200 u=www-data n=ansible INFO| shutdown complete
2026-09-24 19:28:38,680 p=3203 u=www-data n=ansible INFO| shutdown complete
2026-09-24 19:28:38,683 p=3206 u=www-data n=ansible INFO| shutdown complete
